﻿CID,Checker,Type,Category,CWE,Line Number,Component,File,Function,Issue Kind,Status
681664,CERT ERR51-CPP,CERT-CPP Exceptions and Error Handling,Coding standard violation,754,401,lgdemo,/lgdemo/lgdemo.cpp,main,Quality,New
681666,CERT EXP55-CPP,CERT-CPP Expressions,Coding standard violation,758,579,lgdemo,/lgdemo/CryptoManager.cpp,Encrypt,Quality,New
681667,CERT MEM52-CPP,CERT-CPP Memory Management,Coding standard violation,703,111,lgdemo,/lgdemo/CryptoManager.cpp,sha256_hash,Quality,New
681669,CERT ERR51-CPP,CERT-CPP Exceptions and Error Handling,Coding standard violation,754,401,lgdemo,/lgdemo/lgdemo.cpp,main,Quality,New
681673,CERT ERR51-CPP,CERT-CPP Exceptions and Error Handling,Coding standard violation,754,401,lgdemo,/lgdemo/lgdemo.cpp,main,Quality,New
681674,CERT ERR51-CPP,CERT-CPP Exceptions and Error Handling,Coding standard violation,754,401,lgdemo,/lgdemo/lgdemo.cpp,main,Quality,New
681679,CERT ERR51-CPP,CERT-CPP Exceptions and Error Handling,Coding standard violation,754,Various,lgdemo,/lgdemo/lgdemo.cpp,main,Quality,New
681681,CERT ERR51-CPP,CERT-CPP Exceptions and Error Handling,Coding standard violation,754,401,lgdemo,/lgdemo/lgdemo.cpp,main,Quality,New
681683,CERT EXP50-CPP,CERT-CPP Expressions,Coding standard violation,758,Various,lgdemo,/lgdemo/lgdemo.cpp,login,Quality,New
681685,CERT EXP55-CPP,CERT-CPP Expressions,Coding standard violation,758,558,lgdemo,/lgdemo/CryptoManager.cpp,Decrypt,Quality,New
681687,CERT ERR51-CPP,CERT-CPP Exceptions and Error Handling,Coding standard violation,754,Various,lgdemo,/lgdemo/lgdemo.cpp,main,Quality,New
681695,CERT ERR50-CPP,CERT-CPP Exceptions and Error Handling,Coding standard violation,754,427,lgdemo,/lgdemo/lgdemo.cpp,main,Quality,New
681699,DEADCODE,Logically dead code,Control flow issues,561,41,lgdemo,/lgdemo/CAccoutMngr.cpp,input_id,Quality,New
681705,CERT EXP55-CPP,CERT-CPP Expressions,Coding standard violation,758,581,lgdemo,/lgdemo/CryptoManager.cpp,Encrypt,Quality,New
681713,CERT ERR55-CPP,CERT-CPP Exceptions and Error Handling,Coding standard violation,758,401,lgdemo,/lgdemo/lgdemo.cpp,main,Quality,New
681719,STREAM_FORMAT_STATE,Not restoring ostream format,API usage errors,,Various,lgdemo,/lgdemo/CryptoManager.cpp,sha256_hash,Quality,New
681724,CERT ERR51-CPP,CERT-CPP Exceptions and Error Handling,Coding standard violation,754,Various,lgdemo,/lgdemo/lgdemo.cpp,main,Quality,New
681730,CERT EXP55-CPP,CERT-CPP Expressions,Coding standard violation,758,621,lgdemo,/lgdemo/CryptoManager.cpp,Initialize,Quality,New
681732,CERT ERR56-CPP,CERT-CPP Exceptions and Error Handling,Coding standard violation,755,133,lgdemo,/lgdemo/CryptoManager.cpp,sha256_hash,Quality,New
681738,CERT ERR51-CPP,CERT-CPP Exceptions and Error Handling,Coding standard violation,754,Various,lgdemo,/lgdemo/lgdemo.cpp,main,Quality,New
681756,CERT ERR51-CPP,CERT-CPP Exceptions and Error Handling,Coding standard violation,754,401,lgdemo,/lgdemo/lgdemo.cpp,main,Quality,New
681758,CERT ERR56-CPP,CERT-CPP Exceptions and Error Handling,Coding standard violation,755,306,lgdemo,/lgdemo/lgdemo.cpp,DecryptOutputVideo,Quality,New
681764,RESOURCE_LEAK,Resource leak on an exceptional path,Exceptional resource leaks,404,111,lgdemo,/lgdemo/CryptoManager.cpp,sha256_hash,Quality,New
681767,CERT ERR56-CPP,CERT-CPP Exceptions and Error Handling,Coding standard violation,755,Various,lgdemo,/lgdemo/lgdemo.cpp,callBackFunc,Quality,New
681769,CERT ERR51-CPP,CERT-CPP Exceptions and Error Handling,Coding standard violation,754,401,lgdemo,/lgdemo/lgdemo.cpp,main,Quality,New
681782,CERT EXP55-CPP,CERT-CPP Expressions,Coding standard violation,758,304,lgdemo,/lgdemo/NetworkTLS.cpp,setClientCertificate,Quality,New
681785,CERT ERR56-CPP,CERT-CPP Exceptions and Error Handling,Coding standard violation,755,111,lgdemo,/lgdemo/CryptoManager.cpp,sha256_hash,Quality,New
681787,CERT ERR57-CPP,CERT-CPP Exceptions and Error Handling,Coding standard violation,755,133,lgdemo,/lgdemo/CryptoManager.cpp,sha256_hash,Quality,New
681790,CERT ERR56-CPP,CERT-CPP Exceptions and Error Handling,Coding standard violation,755,Various,lgdemo,/lgdemo/CryptoManager.cpp,sha256_hash,Quality,New
681799,CERT ERR51-CPP,CERT-CPP Exceptions and Error Handling,Coding standard violation,754,Various,lgdemo,/lgdemo/lgdemo.cpp,main,Quality,New
681800,CERT EXP55-CPP,CERT-CPP Expressions,Coding standard violation,758,629,lgdemo,/lgdemo/CryptoManager.cpp,Initialize,Quality,New
681808,CERT EXP55-CPP,CERT-CPP Expressions,Coding standard violation,758,Various,lgdemo,/lgdemo/lgdemo.cpp,InitializeFileEncryption,Quality,New
681829,CERT ERR51-CPP,CERT-CPP Exceptions and Error Handling,Coding standard violation,754,401,lgdemo,/lgdemo/lgdemo.cpp,main,Quality,New
681831,STREAM_FORMAT_STATE,Not restoring ostream format,API usage errors,,Various,lgdemo,/lgdemo/CryptoManager.cpp,sha256_hash,Quality,New
681834,CERT ERR51-CPP,CERT-CPP Exceptions and Error Handling,Coding standard violation,754,401,lgdemo,/lgdemo/lgdemo.cpp,main,Quality,New
681839,CERT MEM52-CPP,CERT-CPP Memory Management,Coding standard violation,703,133,lgdemo,/lgdemo/CryptoManager.cpp,sha256_hash,Quality,New
681840,CERT ERR51-CPP,CERT-CPP Exceptions and Error Handling,Coding standard violation,754,401,lgdemo,/lgdemo/lgdemo.cpp,main,Quality,New
681846,CERT ERR51-CPP,CERT-CPP Exceptions and Error Handling,Coding standard violation,754,401,lgdemo,/lgdemo/lgdemo.cpp,main,Quality,New
681864,CERT EXP55-CPP,CERT-CPP Expressions,Coding standard violation,758,556,lgdemo,/lgdemo/CryptoManager.cpp,Decrypt,Quality,New
681869,CERT OOP53-CPP,CERT-CPP Object Oriented Programming,Coding standard violation,758,36,lgdemo,/lgdemo/CryptoManager.h,,Quality,New
681872,CERT ERR57-CPP,CERT-CPP Exceptions and Error Handling,Coding standard violation,755,111,lgdemo,/lgdemo/CryptoManager.cpp,sha256_hash,Quality,New
681876,RESOURCE_LEAK,Resource leak on an exceptional path,Exceptional resource leaks,404,133,lgdemo,/lgdemo/CryptoManager.cpp,sha256_hash,Quality,New
681885,CERT EXP55-CPP,CERT-CPP Expressions,Coding standard violation,758,672,lgdemo,/lgdemo/CryptoManager.cpp,Initialize,Quality,New
681907,CERT EXP55-CPP,CERT-CPP Expressions,Coding standard violation,758,180,lgdemo,/lgdemo/NetworkTLS.cpp,doPost,Quality,New
681909,JSHINT.W033,JSHint Warning,JSHint,,190,web_server,/web_server/src/domain/api.js,reset,Quality,New
681910,JSHINT.W033,JSHint Warning,JSHint,,33,web_server,/web_server/src/domain/api.js,register,Quality,New
681911,JSHINT.W033,JSHint Warning,JSHint,,75,web_server,/web_server/src/domain/action.js,login,Quality,New
681912,JSHINT.W104,JSHint Warning,JSHint,,Various,web_server,/web_server/src/domain/action.js,verify,Quality,New
681913,JSHINT.W119,JSHint Warning,JSHint,,219,web_server,/web_server/src/domain/api.js,logout,Quality,New
681914,JSHINT.W033,JSHint Warning,JSHint,,19,web_server,/web_server/src/util/db.js,init_database,Quality,New
681915,JSHINT.W104,JSHint Warning,JSHint,,91,web_server,/web_server/src/util/utils.js,findPlate,Quality,New
681916,JSHINT.W033,JSHint Warning,JSHint,,10,web_server,/web_server/src/domain/test_api.js,showUserInfo,Quality,New
681917,JSHINT.W104,JSHint Warning,JSHint,,Various,web_server,/web_server/src/domain/test_api.js,showPlate,Quality,New
681918,JSHINT.W033,JSHint Warning,JSHint,,40,web_server,/web_server/src/domain/action.js,index,Quality,New
681919,JSHINT.W033,JSHint Warning,JSHint,,17,web_server,/web_server/src/domain/test_api.js,showRequestList,Quality,New
681920,JSHINT.W104,JSHint Warning,JSHint,,50,web_server,/web_server/src/util/crypto.js,gen_iv,Quality,New
681921,JSHINT.W038,JSHint Warning,JSHint,,43,web_server,/web_server/src/domain/test_api.js,track,Quality,New
681922,JSHINT.W033,JSHint Warning,JSHint,,221,web_server,/web_server/src/domain/api.js,logout,Quality,New
681923,JSHINT.W033,JSHint Warning,JSHint,,33,web_server,/web_server/src/util/certificate.js,check_certificate,Quality,New
681924,JSHINT.W033,JSHint Warning,JSHint,,173,web_server,/web_server/src/domain/api.js,send_email,Quality,New
681925,JSHINT.W104,JSHint Warning,JSHint,,Various,web_server,/web_server/src/domain/test_api.js,<script>,Quality,New
681926,JSHINT.W033,JSHint Warning,JSHint,,41,web_server,/web_server/src/util/crypto.js,crypto_init,Quality,New
681927,JSHINT.W104,JSHint Warning,JSHint,,45,web_server,/web_server/src/util/crypto.js,hash,Quality,New
681928,JSHINT.W119,JSHint Warning,JSHint,,147,web_server,/web_server/src/domain/action.js,approve,Quality,New
681929,JSHINT.W119,JSHint Warning,JSHint,,50,web_server,/web_server/src/util/crypto.js,gen_iv,Quality,New
681930,JSHINT.W033,JSHint Warning,JSHint,,Various,web_server,/web_server/src/util/utils.js,<script>,Quality,New
681931,JSHINT.W014,JSHint Warning,JSHint,,Various,web_server,/web_server/src/domain/api.js,register,Quality,New
681932,JSHINT.W104,JSHint Warning,JSHint,,10,web_server,/web_server/src/util/certificate.js,check_certificate,Quality,New
681933,JSHINT.W033,JSHint Warning,JSHint,,14,web_server,/web_server/src/config.js,<script>,Quality,New
681934,JSHINT.W104,JSHint Warning,JSHint,,Various,web_server,/web_server/src/config.js,<script>,Quality,New
681935,JSHINT.W033,JSHint Warning,JSHint,,130,web_server,/web_server/src/domain/api.js,login,Quality,New
681936,JSHINT.W119,JSHint Warning,JSHint,,Various,web_server,/web_server/src/loaddb.js,<anonymous>,Quality,New
681937,JSHINT.W033,JSHint Warning,JSHint,,153,web_server,/web_server/src/domain/api.js,query,Quality,New
681938,JSHINT.W104,JSHint Warning,JSHint,,Various,web_server,/web_server/src/domain/api.js,<script>,Quality,New
681939,JSHINT.W033,JSHint Warning,JSHint,,119,web_server,/web_server/src/util/utils.js,findPlate,Quality,New
681940,JSHINT.W119,JSHint Warning,JSHint,,45,web_server,/web_server/src/util/crypto.js,hash,Quality,New
681941,JSHINT.W104,JSHint Warning,JSHint,,Various,web_server,/web_server/src/domain/api.js,send_email,Quality,New
681942,JSHINT.W033,JSHint Warning,JSHint,,206,web_server,/web_server/src/domain/api.js,change_passwd,Quality,New
681943,JSHINT.W119,JSHint Warning,JSHint,,Various,web_server,/web_server/src/domain/api.js,change_passwd,Quality,New
681944,JSHINT.W119,JSHint Warning,JSHint,,Various,web_server,/web_server/src/util/crypto.js,aesEncrypt,Quality,New
681945,JSHINT.W033,JSHint Warning,JSHint,,140,web_server,/web_server/src/domain/action.js,verify,Quality,New
681946,JSHINT.W010,JSHint Warning,JSHint,,92,web_server,/web_server/src/util/utils.js,findPlate,Quality,New
681947,JSHINT.W033,JSHint Warning,JSHint,,31,web_server,/web_server/src/domain/test_api.js,showAccessList,Quality,New
681948,JSHINT.W033,JSHint Warning,JSHint,,Various,web_server,/web_server/src/util/utils.js,sendMail,Quality,New
681949,JSHINT.W104,JSHint Warning,JSHint,,77,web_server,/web_server/src/domain/action.js,logout,Quality,New
681951,JSHINT.W104,JSHint Warning,JSHint,,Various,web_server,/web_server/src/domain/api.js,verify,Quality,New
681952,JSHINT.W004,JSHint Warning,JSHint,,Various,web_server,/web_server/src/domain/test_api.js,track,Quality,New
681953,JSHINT.W119,JSHint Warning,JSHint,,Various,web_server,/web_server/src/domain/action.js,verify,Quality,New
681954,JSHINT.W104,JSHint Warning,JSHint,,Various,web_server,/web_server/src/util/crypto.js,aesEncrypt,Quality,New
681955,JSHINT.W033,JSHint Warning,JSHint,,65,web_server,/web_server/src/util/crypto.js,aesDecrypt,Quality,New
681956,JSHINT.W104,JSHint Warning,JSHint,,Various,web_server,/web_server/src/util/db.js,<script>,Quality,New
681957,JSHINT.W119,JSHint Warning,JSHint,,25,web_server,/web_server/src/index.js,<script>,Quality,New
681958,JSHINT.W104,JSHint Warning,JSHint,,Various,web_server,/web_server/src/util/crypto.js,crypto_init,Quality,New
681959,JSHINT.W104,JSHint Warning,JSHint,,Various,web_server,/web_server/src/util/crypto.js,<script>,Quality,New
681960,JSHINT.W119,JSHint Warning,JSHint,,Various,web_server,/web_server/src/util/utils.js,sendMail,Quality,New
681961,JSHINT.W104,JSHint Warning,JSHint,,Various,web_server,/web_server/src/domain/test_api.js,showRequestList,Quality,New
681962,JSHINT.W033,JSHint Warning,JSHint,,48,web_server,/web_server/src/util/crypto.js,hash,Quality,New
681963,JSHINT.W104,JSHint Warning,JSHint,,Various,web_server,/web_server/src/util/crypto.js,aesDecrypt,Quality,New
681964,JSHINT.W119,JSHint Warning,JSHint,,Various,web_server,/web_server/src/domain/api.js,verify,Quality,New
681965,JSHINT.W033,JSHint Warning,JSHint,,75,web_server,/web_server/src/index.js,<anonymous>,Quality,New
681966,JSHINT.W119,JSHint Warning,JSHint,,Various,web_server,/web_server/src/util/certificate.js,check_certificate,Quality,New
681967,JSHINT.W014,JSHint Warning,JSHint,,181,web_server,/web_server/src/domain/api.js,reset,Quality,New
681968,JSHINT.W104,JSHint Warning,JSHint,,Various,web_server,/web_server/src/domain/test_api.js,showAccessList,Quality,New
681969,JSHINT.W104,JSHint Warning,JSHint,,Various,web_server,/web_server/src/util/utils.js,<script>,Quality,New
681971,JSHINT.W119,JSHint Warning,JSHint,,170,web_server,/web_server/src/domain/api.js,send_email,Quality,New
681972,JSHINT.W033,JSHint Warning,JSHint,,59,web_server,/web_server/src/domain/test_api.js,track,Quality,New
681973,JSHINT.W104,JSHint Warning,JSHint,,Various,web_server,/web_server/src/loaddb.js,<script>,Quality,New
681974,JSHINT.W104,JSHint Warning,JSHint,,Various,web_server,/web_server/src/domain/api.js,change_passwd,Quality,New
681975,JSHINT.W104,JSHint Warning,JSHint,,Various,web_server,/web_server/src/domain/action.js,login,Quality,New
681976,JSHINT.W119,JSHint Warning,JSHint,,188,web_server,/web_server/src/domain/api.js,reset,Quality,New
681977,JSHINT.W119,JSHint Warning,JSHint,,Various,web_server,/web_server/src/domain/api.js,register,Quality,New
681978,JSHINT.W104,JSHint Warning,JSHint,,Various,web_server,/web_server/src/domain/action.js,<script>,Quality,New
681979,JSHINT.W033,JSHint Warning,JSHint,,96,web_server,/web_server/src/domain/api.js,verify,Quality,New
681980,JSHINT.W104,JSHint Warning,JSHint,,Various,web_server,/web_server/src/domain/api.js,query,Quality,New
681981,JSHINT.W119,JSHint Warning,JSHint,,94,web_server,/web_server/src/util/utils.js,findPlate,Quality,New
681982,JSHINT.W033,JSHint Warning,JSHint,,151,web_server,/web_server/src/domain/action.js,approve,Quality,New
681983,JSHINT.W119,JSHint Warning,JSHint,,Various,web_server,/web_server/src/domain/action.js,login,Quality,New
681984,JSHINT.W104,JSHint Warning,JSHint,,Various,web_server,/web_server/src/domain/action.js,index,Quality,New
681985,JSHINT.W033,JSHint Warning,JSHint,,24,web_server,/web_server/src/domain/test_api.js,showPlate,Quality,New
681986,JSHINT.W119,JSHint Warning,JSHint,,80,web_server,/web_server/src/index.js,<anonymous>,Quality,New
681987,JSHINT.W119,JSHint Warning,JSHint,,6,web_server,/web_server/src/util/db.js,<script>,Quality,New
681988,JSHINT.W104,JSHint Warning,JSHint,,1,web_server,/web_server/src/util/certificate.js,<script>,Quality,New
681989,JSHINT.W104,JSHint Warning,JSHint,,Various,web_server,/web_server/src/domain/action.js,approve,Quality,New
681990,JSHINT.W119,JSHint Warning,JSHint,,Various,web_server,/web_server/src/domain/api.js,query,Quality,New
681991,JSHINT.W104,JSHint Warning,JSHint,,Various,web_server,/web_server/src/domain/test_api.js,showUserInfo,Quality,New
681992,JSHINT.W033,JSHint Warning,JSHint,,58,web_server,/web_server/src/util/crypto.js,aesEncrypt,Quality,New
681993,JSHINT.W119,JSHint Warning,JSHint,,11,web_server,/web_server/src/util/crypto.js,crypto_init,Quality,New
681994,JSHINT.W104,JSHint Warning,JSHint,,74,web_server,/web_server/src/index.js,<anonymous>,Quality,New
681995,JSHINT.W119,JSHint Warning,JSHint,,Various,web_server,/web_server/src/domain/api.js,login,Quality,New
681996,JSHINT.W119,JSHint Warning,JSHint,,Various,web_server,/web_server/src/index.js,<anonymous>,Quality,New
681997,JSHINT.W119,JSHint Warning,JSHint,,Various,web_server,/web_server/src/util/crypto.js,aesDecrypt,Quality,New
681998,JSHINT.W104,JSHint Warning,JSHint,,Various,web_server,/web_server/src/domain/api.js,login,Quality,New
681999,JSHINT.W104,JSHint Warning,JSHint,,Various,web_server,/web_server/src/util/utils.js,sendMail,Quality,New
682000,JSHINT.W119,JSHint Warning,JSHint,,Various,web_server,/web_server/src/domain/test_api.js,track,Quality,New
682001,JSHINT.W033,JSHint Warning,JSHint,,91,web_server,/web_server/src/domain/action.js,logout,Quality,New
682003,JSHINT.W119,JSHint Warning,JSHint,,15,web_server,/web_server/src/util/db.js,init_database,Quality,New
682004,JSHINT.W104,JSHint Warning,JSHint,,Various,web_server,/web_server/src/index.js,<script>,Quality,New
682023,PW.DECLARED_BUT_NOT_REFERENCED,Parse warning,Parse warnings,398,1319,lgdemo,/lgdemo/lgdemo.cpp,,Quality,New
682035,PW.DECLARED_BUT_NOT_REFERENCED,Parse warning,Parse warnings,398,1250,lgdemo,/lgdemo/lgdemo.cpp,,Quality,New
682071,CERT EXP54-CPP,CERT-CPP Expressions,Coding standard violation,416,Various,lgdemo,/lgdemo/lgdemo.cpp,DecryptOutputVideo,Quality,New
682156,CERT EXP53-CPP,CERT-CPP Expressions,Coding standard violation,908,Various,lgdemo,/lgdemo/lgdemo.cpp,login,Quality,New
682277,CERT EXP53-CPP,CERT-CPP Expressions,Coding standard violation,908,Various,lgdemo,/lgdemo/lgdemo.cpp,SendResult2,Quality,New
682313,PW.DECLARED_BUT_NOT_REFERENCED,Parse warning,Parse warnings,398,501,lgdemo,/lgdemo/lgdemo.cpp,,Quality,New
682468,CERT ERR55-CPP,CERT-CPP Exceptions and Error Handling,Coding standard violation,758,131,lgdemo,/lgdemo/lgdemo.cpp,callBackFunc,Quality,New
682492,CERT EXP53-CPP,CERT-CPP Expressions,Coding standard violation,908,Various,lgdemo,/lgdemo/lgdemo.cpp,EncryptOutputVideo,Quality,New
682568,CERT EXP53-CPP,CERT-CPP Expressions,Coding standard violation,908,Various,lgdemo,/lgdemo/lgdemo.cpp,DecryptOutputVideo,Quality,New
682579,CERT EXP53-CPP,CERT-CPP Expressions,Coding standard violation,908,Various,lgdemo,/lgdemo/lgdemo.cpp,DecryptOutputVideo,Quality,New
682657,PW.DECLARED_BUT_NOT_REFERENCED,Parse warning,Parse warnings,398,Various,lgdemo,/lgdemo/NetworkTLS.cpp,,Quality,New
682731,PW.DECLARED_BUT_NOT_REFERENCED,Parse warning,Parse warnings,398,1084,lgdemo,/lgdemo/lgdemo.cpp,,Quality,New
682764,CERT EXP54-CPP,CERT-CPP Expressions,Coding standard violation,416,Various,lgdemo,/lgdemo/lgdemo.cpp,EncryptOutputVideo,Quality,New
682802,CERT EXP54-CPP,CERT-CPP Expressions,Coding standard violation,416,Various,lgdemo,/lgdemo/lgdemo.cpp,EncryptOutputVideo,Quality,New
682919,CERT EXP53-CPP,CERT-CPP Expressions,Coding standard violation,908,273,lgdemo,/lgdemo/lgdemo.cpp,InitializeFileEncryption,Quality,New
682970,PW.DECLARED_BUT_NOT_REFERENCED,Parse warning,Parse warnings,398,1087,lgdemo,/lgdemo/lgdemo.cpp,,Quality,New
683011,UNUSED_VALUE,Unused value,Code maintainability issues,563,1252,lgdemo,/lgdemo/lgdemo.cpp,AdminMode,Quality,New
683108,CERT ERR55-CPP,CERT-CPP Exceptions and Error Handling,Coding standard violation,758,131,lgdemo,/lgdemo/lgdemo.cpp,callBackFunc,Quality,New
683137,CERT ERR55-CPP,CERT-CPP Exceptions and Error Handling,Coding standard violation,758,Various,lgdemo,/lgdemo/lgdemo.cpp,callBackFunc,Quality,New
683148,PW.DECLARED_BUT_NOT_REFERENCED,Parse warning,Parse warnings,398,1551,lgdemo,/lgdemo/lgdemo.cpp,,Quality,New
683201,CERT EXP53-CPP,CERT-CPP Expressions,Coding standard violation,908,Various,lgdemo,/lgdemo/lgdemo.cpp,EncryptOutputVideo,Quality,New
683285,CERT EXP54-CPP,CERT-CPP Expressions,Coding standard violation,416,Various,lgdemo,/lgdemo/lgdemo.cpp,DecryptOutputVideo,Quality,New
683291,PW.DECLARED_BUT_NOT_REFERENCED,Parse warning,Parse warnings,398,1333,lgdemo,/lgdemo/lgdemo.cpp,,Quality,New
683447,PW.DECLARED_BUT_NOT_REFERENCED,Parse warning,Parse warnings,398,686,lgdemo,/lgdemo/lgdemo.cpp,,Quality,New
683460,PW.DECLARED_BUT_NOT_REFERENCED,Parse warning,Parse warnings,398,174,lgdemo,/lgdemo/CAccoutMngr.cpp,,Quality,New
683619,CERT ERR55-CPP,CERT-CPP Exceptions and Error Handling,Coding standard violation,758,Various,lgdemo,/lgdemo/lgdemo.cpp,AdminMode,Quality,New
683672,PW.DECLARED_BUT_NOT_REFERENCED,Parse warning,Parse warnings,398,685,lgdemo,/lgdemo/lgdemo.cpp,,Quality,New
683683,CERT EXP53-CPP,CERT-CPP Expressions,Coding standard violation,908,Various,lgdemo,/lgdemo/lgdemo.cpp,create_account,Quality,New
683819,UNUSED_VALUE,Unused value,Code maintainability issues,563,1280,lgdemo,/lgdemo/lgdemo.cpp,LoginMode,Quality,New
683972,CERT EXP53-CPP,CERT-CPP Expressions,Coding standard violation,908,Various,lgdemo,/lgdemo/lgdemo.cpp,GetValueWithKeyInJson,Quality,New
683973,CERT EXP53-CPP,CERT-CPP Expressions,Coding standard violation,908,Various,lgdemo,/lgdemo/lgdemo.cpp,reset_account,Quality,New
684296,PW.DECLARED_BUT_NOT_REFERENCED,Parse warning,Parse warnings,398,563,lgdemo,/lgdemo/lgdemo.cpp,,Quality,New
684380,PW.DECLARED_BUT_NOT_REFERENCED,Parse warning,Parse warnings,398,576,lgdemo,/lgdemo/lgdemo.cpp,,Quality,New
681950,SIGMA.verbose_server_banner_express,Sending X-Powered-By header,Sigma,201,18,web_server,/web_server/src/index.js,source_file,Security,New
681970,SIGMA.missing_samesite_attribute_session_cookie_express,Missing or insecure samesite attribute for session cookie,Sigma,1275,34,web_server,/web_server/src/index.js,source_file,Security,New
682002,SIGMA.unsafe_session_storage_express_session,Unsafe storage of session data,Sigma,922,31,web_server,/web_server/src/index.js,source_file,Security,New
682007,HARDCODED_CREDENTIALS,Use of hard-coded credentials,Medium impact security,798,47,web_server,/web_server/src/util/crypto.js,hash,Security,New
682008,HARDCODED_CREDENTIALS,Use of hard-coded credentials,Medium impact security,798,54,web_server,/web_server/src/util/crypto.js,aesEncrypt,Security,New
682009,BAD_CERT_VERIFICATION,SSL certificate validation disabled,Medium impact security,295,67,web_server,/web_server/src/index.js,<script>,Security,New
682010,HARDCODED_CREDENTIALS,Use of hard-coded credentials,Medium impact security,798,62,web_server,/web_server/src/util/crypto.js,aesDecrypt,Security,New
682011,EXPRESS_X_POWERED_BY_ENABLED,Sending X-Powered-By header,Low impact security,201,18,web_server,/web_server/src/index.js,<script>,Security,New
682012,SENSITIVE_DATA_LEAK,Cleartext sensitive data in a file,Low impact security,313,28,web_server,/web_server/src/util/crypto.js,crypto_init,Security,New
682013,HARDCODED_CREDENTIALS,Use of hard-coded credentials,Medium impact security,798,31,web_server,/web_server/src/index.js,<script>,Security,New
682086,UNINIT,Uninitialized scalar variable,Uninitialized variables,457,Various,lgdemo,/lgdemo/lgdemo.cpp,checkEmailAUthenticationCode,Various,New
682095,UNINIT,Uninitialized scalar variable,Uninitialized variables,457,Various,lgdemo,/lgdemo/lgdemo.cpp,login,Various,New
682405,UNINIT,Uninitialized pointer read,Memory - illegal accesses,457,Various,lgdemo,/lgdemo/lgdemo.cpp,EncryptOutputVideo,Various,New
682683,UNINIT,Uninitialized scalar variable,Uninitialized variables,457,Various,lgdemo,/lgdemo/lgdemo.cpp,create_account,Various,New
682819,UNINIT,Uninitialized scalar variable,Uninitialized variables,457,Various,lgdemo,/lgdemo/lgdemo.cpp,GetValueWithKeyInJson,Various,New
682960,UNINIT,Uninitialized scalar variable,Uninitialized variables,457,Various,lgdemo,/lgdemo/lgdemo.cpp,reset_account,Various,New
683689,UNINIT,Uninitialized pointer read,Memory - illegal accesses,457,Various,lgdemo,/lgdemo/lgdemo.cpp,DecryptOutputVideo,Various,New
683896,UNINIT,Uninitialized scalar variable,Uninitialized variables,457,Various,lgdemo,/lgdemo/lgdemo.cpp,SendResult2,Various,New
683978,UNINIT,Uninitialized scalar variable,Uninitialized variables,457,273,lgdemo,/lgdemo/lgdemo.cpp,InitializeFileEncryption,Various,New
684236,UNINIT,Uninitialized pointer read,Memory - illegal accesses,457,Various,lgdemo,/lgdemo/lgdemo.cpp,DecryptOutputVideo,Various,New
684270,UNINIT,Uninitialized pointer read,Memory - illegal accesses,457,Various,lgdemo,/lgdemo/lgdemo.cpp,EncryptOutputVideo,Various,New
