<?xml version="1.0" encoding="UTF-8"?>
<!DOCTYPE coverity SYSTEM "config.dtd">
<coverity>
<title>Coverity Errors</title>
<error>
<checker>JSHINT.W119</checker>
<file>web_server/src/domain/api.js</file>
<line>17</line>
<function>!api.js!register</function>
<unmangled_function>register</unmangled_function>
<status>Unclassified</status>
<num>201</num>
<home>1/201api.js</home>
</error>
<error>
<checker>JSHINT.W119</checker>
<file>web_server/src/domain/api.js</file>
<line>27</line>
<function>!api.js!register</function>
<unmangled_function>register</unmangled_function>
<status>Unclassified</status>
<num>202</num>
<home>1/202api.js</home>
</error>
<error>
<checker>JSHINT.W119</checker>
<file>web_server/src/domain/api.js</file>
<line>31</line>
<function>!api.js!register</function>
<unmangled_function>register</unmangled_function>
<status>Unclassified</status>
<num>203</num>
<home>1/203api.js</home>
</error>
<error>
<checker>JSHINT.W119</checker>
<file>web_server/src/domain/api.js</file>
<line>45</line>
<function>!api.js!verify</function>
<unmangled_function>verify</unmangled_function>
<status>Unclassified</status>
<num>204</num>
<home>1/204api.js</home>
</error>
<error>
<checker>JSHINT.W119</checker>
<file>web_server/src/domain/api.js</file>
<line>48</line>
<function>!api.js!verify</function>
<unmangled_function>verify</unmangled_function>
<status>Unclassified</status>
<num>205</num>
<home>1/205api.js</home>
</error>
<error>
<checker>JSHINT.W119</checker>
<file>web_server/src/domain/api.js</file>
<line>51</line>
<function>!api.js!verify</function>
<unmangled_function>verify</unmangled_function>
<status>Unclassified</status>
<num>206</num>
<home>1/206api.js</home>
</error>
<error>
<checker>JSHINT.W119</checker>
<file>web_server/src/domain/api.js</file>
<line>52</line>
<function>!api.js!verify</function>
<unmangled_function>verify</unmangled_function>
<status>Unclassified</status>
<num>207</num>
<home>1/207api.js</home>
</error>
<error>
<checker>JSHINT.W119</checker>
<file>web_server/src/domain/api.js</file>
<line>55</line>
<function>!api.js!verify</function>
<unmangled_function>verify</unmangled_function>
<status>Unclassified</status>
<num>208</num>
<home>1/208api.js</home>
</error>
<error>
<checker>JSHINT.W119</checker>
<file>web_server/src/domain/api.js</file>
<line>59</line>
<function>!api.js!verify</function>
<unmangled_function>verify</unmangled_function>
<status>Unclassified</status>
<num>209</num>
<home>1/209api.js</home>
</error>
<error>
<checker>JSHINT.W119</checker>
<file>web_server/src/domain/api.js</file>
<line>64</line>
<function>!api.js!verify</function>
<unmangled_function>verify</unmangled_function>
<status>Unclassified</status>
<num>210</num>
<home>1/210api.js</home>
</error>
<error>
<checker>JSHINT.W119</checker>
<file>web_server/src/domain/api.js</file>
<line>65</line>
<function>!api.js!verify</function>
<unmangled_function>verify</unmangled_function>
<status>Unclassified</status>
<num>211</num>
<home>1/211api.js</home>
</error>
<error>
<checker>JSHINT.W119</checker>
<file>web_server/src/domain/api.js</file>
<line>69</line>
<function>!api.js!verify</function>
<unmangled_function>verify</unmangled_function>
<status>Unclassified</status>
<num>212</num>
<home>1/212api.js</home>
</error>
<error>
<checker>JSHINT.W119</checker>
<file>web_server/src/domain/api.js</file>
<line>70</line>
<function>!api.js!verify</function>
<unmangled_function>verify</unmangled_function>
<status>Unclassified</status>
<num>213</num>
<home>1/213api.js</home>
</error>
<error>
<checker>JSHINT.W119</checker>
<file>web_server/src/domain/api.js</file>
<line>76</line>
<function>!api.js!verify</function>
<unmangled_function>verify</unmangled_function>
<status>Unclassified</status>
<num>214</num>
<home>1/214api.js</home>
</error>
<error>
<checker>JSHINT.W119</checker>
<file>web_server/src/domain/api.js</file>
<line>81</line>
<function>!api.js!verify</function>
<unmangled_function>verify</unmangled_function>
<status>Unclassified</status>
<num>215</num>
<home>1/215api.js</home>
</error>
<error>
<checker>JSHINT.W119</checker>
<file>web_server/src/domain/api.js</file>
<line>86</line>
<function>!api.js!verify</function>
<unmangled_function>verify</unmangled_function>
<status>Unclassified</status>
<num>216</num>
<home>1/216api.js</home>
</error>
<error>
<checker>JSHINT.W119</checker>
<file>web_server/src/domain/api.js</file>
<line>89</line>
<function>!api.js!verify</function>
<unmangled_function>verify</unmangled_function>
<status>Unclassified</status>
<num>217</num>
<home>1/217api.js</home>
</error>
<error>
<checker>JSHINT.W119</checker>
<file>web_server/src/domain/api.js</file>
<line>94</line>
<function>!api.js!verify</function>
<unmangled_function>verify</unmangled_function>
<status>Unclassified</status>
<num>218</num>
<home>1/218api.js</home>
</error>
<error>
<checker>JSHINT.W119</checker>
<file>web_server/src/domain/api.js</file>
<line>103</line>
<function>!api.js!login</function>
<unmangled_function>login</unmangled_function>
<status>Unclassified</status>
<num>219</num>
<home>1/219api.js</home>
</error>
<error>
<checker>JSHINT.W119</checker>
<file>web_server/src/domain/api.js</file>
<line>111</line>
<function>!api.js!login</function>
<unmangled_function>login</unmangled_function>
<status>Unclassified</status>
<num>220</num>
<home>1/220api.js</home>
</error>
<error>
<checker>JSHINT.W119</checker>
<file>web_server/src/domain/api.js</file>
<line>114</line>
<function>!api.js!login</function>
<unmangled_function>login</unmangled_function>
<status>Unclassified</status>
<num>221</num>
<home>1/221api.js</home>
</error>
<error>
<checker>JSHINT.W119</checker>
<file>web_server/src/domain/api.js</file>
<line>117</line>
<function>!api.js!login</function>
<unmangled_function>login</unmangled_function>
<status>Unclassified</status>
<num>222</num>
<home>1/222api.js</home>
</error>
<error>
<checker>JSHINT.W119</checker>
<file>web_server/src/domain/api.js</file>
<line>128</line>
<function>!api.js!login</function>
<unmangled_function>login</unmangled_function>
<status>Unclassified</status>
<num>223</num>
<home>1/223api.js</home>
</error>
<error>
<checker>JSHINT.W119</checker>
<file>web_server/src/domain/api.js</file>
<line>141</line>
<function>!api.js!query</function>
<unmangled_function>query</unmangled_function>
<status>Unclassified</status>
<num>224</num>
<home>1/224api.js</home>
</error>
<error>
<checker>JSHINT.W119</checker>
<file>web_server/src/domain/api.js</file>
<line>146</line>
<function>!api.js!query</function>
<unmangled_function>query</unmangled_function>
<status>Unclassified</status>
<num>225</num>
<home>1/225api.js</home>
</error>
<error>
<checker>JSHINT.W119</checker>
<file>web_server/src/domain/api.js</file>
<line>170</line>
<function>!api.js!send_email</function>
<unmangled_function>send_email</unmangled_function>
<status>Unclassified</status>
<num>226</num>
<home>1/226api.js</home>
</error>
<error>
<checker>JSHINT.W119</checker>
<file>web_server/src/domain/api.js</file>
<line>188</line>
<function>!api.js!reset</function>
<unmangled_function>reset</unmangled_function>
<status>Unclassified</status>
<num>227</num>
<home>1/227api.js</home>
</error>
<error>
<checker>JSHINT.W119</checker>
<file>web_server/src/domain/api.js</file>
<line>199</line>
<function>!api.js!change_passwd</function>
<unmangled_function>change_passwd</unmangled_function>
<status>Unclassified</status>
<num>228</num>
<home>1/228api.js</home>
</error>
<error>
<checker>JSHINT.W119</checker>
<file>web_server/src/domain/api.js</file>
<line>200</line>
<function>!api.js!change_passwd</function>
<unmangled_function>change_passwd</unmangled_function>
<status>Unclassified</status>
<num>229</num>
<home>1/229api.js</home>
</error>
<error>
<checker>JSHINT.W119</checker>
<file>web_server/src/domain/api.js</file>
<line>204</line>
<function>!api.js!change_passwd</function>
<unmangled_function>change_passwd</unmangled_function>
<status>Unclassified</status>
<num>230</num>
<home>1/230api.js</home>
</error>
<error>
<checker>JSHINT.W119</checker>
<file>web_server/src/domain/api.js</file>
<line>219</line>
<function>!api.js!logout</function>
<unmangled_function>logout</unmangled_function>
<status>Unclassified</status>
<num>231</num>
<home>1/231api.js</home>
</error>
<error>
<checker>JSHINT.W119</checker>
<file>web_server/src/domain/test_api.js</file>
<line>54</line>
<function>!test_api.js!track</function>
<unmangled_function>track</unmangled_function>
<status>Unclassified</status>
<num>232</num>
<home>1/232test_api.js</home>
</error>
<error>
<checker>JSHINT.W119</checker>
<file>web_server/src/domain/test_api.js</file>
<line>57</line>
<function>!test_api.js!track</function>
<unmangled_function>track</unmangled_function>
<status>Unclassified</status>
<num>233</num>
<home>1/233test_api.js</home>
</error>
<error>
<checker>JSHINT.W119</checker>
<file>web_server/src/index.js</file>
<line>25</line>
<function>!index.js!%SCRIPT</function>
<unmangled_function>&lt;script&gt;</unmangled_function>
<status>Unclassified</status>
<num>234</num>
<home>1/234index.js</home>
</error>
<error>
<checker>JSHINT.W119</checker>
<file>web_server/src/index.js</file>
<line>74</line>
<function>!index.js!%IPFE</function>
<unmangled_function>&lt;anonymous&gt;</unmangled_function>
<status>Unclassified</status>
<num>235</num>
<home>1/235index.js</home>
</error>
<error>
<checker>JSHINT.W119</checker>
<file>web_server/src/index.js</file>
<line>75</line>
<function>!index.js!%IPFE</function>
<unmangled_function>&lt;anonymous&gt;</unmangled_function>
<status>Unclassified</status>
<num>236</num>
<home>1/236index.js</home>
</error>
<error>
<checker>JSHINT.W119</checker>
<file>web_server/src/index.js</file>
<line>78</line>
<function>!index.js!%IPFE%1</function>
<unmangled_function>&lt;anonymous&gt;</unmangled_function>
<status>Unclassified</status>
<num>237</num>
<home>1/237index.js</home>
</error>
<error>
<checker>JSHINT.W119</checker>
<file>web_server/src/index.js</file>
<line>79</line>
<function>!index.js!%IPFE%1</function>
<unmangled_function>&lt;anonymous&gt;</unmangled_function>
<status>Unclassified</status>
<num>238</num>
<home>1/238index.js</home>
</error>
<error>
<checker>JSHINT.W119</checker>
<file>web_server/src/index.js</file>
<line>80</line>
<function>!index.js!%IPFE%1:%IPFE</function>
<unmangled_function>&lt;anonymous&gt;</unmangled_function>
<status>Unclassified</status>
<num>239</num>
<home>1/239index.js</home>
</error>
<error>
<checker>JSHINT.W119</checker>
<file>web_server/src/loaddb.js</file>
<line>19</line>
<function>!loaddb.js!%IPFE</function>
<unmangled_function>&lt;anonymous&gt;</unmangled_function>
<status>Unclassified</status>
<num>240</num>
<home>1/240loaddb.js</home>
</error>
<error>
<checker>JSHINT.W119</checker>
<file>web_server/src/loaddb.js</file>
<line>23</line>
<function>!loaddb.js!%IPFE</function>
<unmangled_function>&lt;anonymous&gt;</unmangled_function>
<status>Unclassified</status>
<num>241</num>
<home>1/241loaddb.js</home>
</error>
<error>
<checker>JSHINT.W119</checker>
<file>web_server/src/util/certificate.js</file>
<line>21</line>
<function>!certificate.js!check_certificate</function>
<unmangled_function>check_certificate</unmangled_function>
<status>Unclassified</status>
<num>242</num>
<home>1/242certificate.js</home>
</error>
<error>
<checker>JSHINT.W119</checker>
<file>web_server/src/util/certificate.js</file>
<line>26</line>
<function>!certificate.js!check_certificate</function>
<unmangled_function>check_certificate</unmangled_function>
<status>Unclassified</status>
<num>243</num>
<home>1/243certificate.js</home>
</error>
<error>
<checker>JSHINT.W119</checker>
<file>web_server/src/util/certificate.js</file>
<line>27</line>
<function>!certificate.js!check_certificate</function>
<unmangled_function>check_certificate</unmangled_function>
<status>Unclassified</status>
<num>244</num>
<home>1/244certificate.js</home>
</error>
<error>
<checker>JSHINT.W119</checker>
<file>web_server/src/util/crypto.js</file>
<line>11</line>
<function>!crypto.js!crypto_init</function>
<unmangled_function>crypto_init</unmangled_function>
<status>Unclassified</status>
<num>245</num>
<home>1/245crypto.js</home>
</error>
<error>
<checker>JSHINT.W119</checker>
<file>web_server/src/util/crypto.js</file>
<line>45</line>
<function>!crypto.js!hash</function>
<unmangled_function>hash</unmangled_function>
<status>Unclassified</status>
<num>246</num>
<home>1/246crypto.js</home>
</error>
<error>
<checker>JSHINT.W119</checker>
<file>web_server/src/util/crypto.js</file>
<line>50</line>
<function>!crypto.js!gen_iv</function>
<unmangled_function>gen_iv</unmangled_function>
<status>Unclassified</status>
<num>247</num>
<home>1/247crypto.js</home>
</error>
<error>
<checker>JSHINT.W119</checker>
<file>web_server/src/util/crypto.js</file>
<line>52</line>
<function>!crypto.js!aesEncrypt</function>
<unmangled_function>aesEncrypt</unmangled_function>
<status>Unclassified</status>
<num>248</num>
<home>1/248crypto.js</home>
</error>
<error>
<checker>JSHINT.W119</checker>
<file>web_server/src/util/crypto.js</file>
<line>52</line>
<function>!crypto.js!aesEncrypt</function>
<unmangled_function>aesEncrypt</unmangled_function>
<status>Unclassified</status>
<num>249</num>
<home>1/249crypto.js</home>
</error>
<error>
<checker>JSHINT.W119</checker>
<file>web_server/src/util/crypto.js</file>
<line>60</line>
<function>!crypto.js!aesDecrypt</function>
<unmangled_function>aesDecrypt</unmangled_function>
<status>Unclassified</status>
<num>250</num>
<home>1/250crypto.js</home>
</error>
<formaterrors>
<link>index151.html</link>
<value>Previous 50 errors</value>
</formaterrors>
<formaterrors>
<link>index251.html</link>
<value>Next 50 errors</value>
</formaterrors>
</coverity>
