<?xml version="1.0" encoding="UTF-8"?>
<!DOCTYPE coverity SYSTEM "config.dtd">
<coverity>
<title>Coverity Errors</title>
<error>
<checker>JSHINT.W104</checker>
<file>web_server/src/domain/api.js</file>
<line>164</line>
<function>!api.js!send_email</function>
<unmangled_function>send_email</unmangled_function>
<status>Unclassified</status>
<num>101</num>
<home>1/101api.js</home>
</error>
<error>
<checker>JSHINT.W104</checker>
<file>web_server/src/domain/api.js</file>
<line>195</line>
<function>!api.js!change_passwd</function>
<unmangled_function>change_passwd</unmangled_function>
<status>Unclassified</status>
<num>102</num>
<home>1/102api.js</home>
</error>
<error>
<checker>JSHINT.W104</checker>
<file>web_server/src/domain/api.js</file>
<line>198</line>
<function>!api.js!change_passwd</function>
<unmangled_function>change_passwd</unmangled_function>
<status>Unclassified</status>
<num>103</num>
<home>1/103api.js</home>
</error>
<error>
<checker>JSHINT.W104</checker>
<file>web_server/src/domain/test_api.js</file>
<line>1</line>
<function>!test_api.js!%SCRIPT</function>
<unmangled_function>&lt;script&gt;</unmangled_function>
<status>Unclassified</status>
<num>104</num>
<home>1/104test_api.js</home>
</error>
<error>
<checker>JSHINT.W104</checker>
<file>web_server/src/domain/test_api.js</file>
<line>3</line>
<function>!test_api.js!%SCRIPT</function>
<unmangled_function>&lt;script&gt;</unmangled_function>
<status>Unclassified</status>
<num>105</num>
<home>1/105test_api.js</home>
</error>
<error>
<checker>JSHINT.W104</checker>
<file>web_server/src/domain/test_api.js</file>
<line>3</line>
<function>!test_api.js!%SCRIPT</function>
<unmangled_function>&lt;script&gt;</unmangled_function>
<status>Unclassified</status>
<num>106</num>
<home>1/106test_api.js</home>
</error>
<error>
<checker>JSHINT.W104</checker>
<file>web_server/src/domain/test_api.js</file>
<line>5</line>
<function>!test_api.js!showUserInfo</function>
<unmangled_function>showUserInfo</unmangled_function>
<status>Unclassified</status>
<num>107</num>
<home>1/107test_api.js</home>
</error>
<error>
<checker>JSHINT.W104</checker>
<file>web_server/src/domain/test_api.js</file>
<line>6</line>
<function>!test_api.js!showUserInfo</function>
<unmangled_function>showUserInfo</unmangled_function>
<status>Unclassified</status>
<num>108</num>
<home>1/108test_api.js</home>
</error>
<error>
<checker>JSHINT.W104</checker>
<file>web_server/src/domain/test_api.js</file>
<line>6</line>
<function>!test_api.js!showUserInfo</function>
<unmangled_function>showUserInfo</unmangled_function>
<status>Unclassified</status>
<num>109</num>
<home>1/109test_api.js</home>
</error>
<error>
<checker>JSHINT.W104</checker>
<file>web_server/src/domain/test_api.js</file>
<line>12</line>
<function>!test_api.js!showRequestList</function>
<unmangled_function>showRequestList</unmangled_function>
<status>Unclassified</status>
<num>110</num>
<home>1/110test_api.js</home>
</error>
<error>
<checker>JSHINT.W104</checker>
<file>web_server/src/domain/test_api.js</file>
<line>13</line>
<function>!test_api.js!showRequestList</function>
<unmangled_function>showRequestList</unmangled_function>
<status>Unclassified</status>
<num>111</num>
<home>1/111test_api.js</home>
</error>
<error>
<checker>JSHINT.W104</checker>
<file>web_server/src/domain/test_api.js</file>
<line>13</line>
<function>!test_api.js!showRequestList</function>
<unmangled_function>showRequestList</unmangled_function>
<status>Unclassified</status>
<num>112</num>
<home>1/112test_api.js</home>
</error>
<error>
<checker>JSHINT.W104</checker>
<file>web_server/src/domain/test_api.js</file>
<line>19</line>
<function>!test_api.js!showPlate</function>
<unmangled_function>showPlate</unmangled_function>
<status>Unclassified</status>
<num>113</num>
<home>1/113test_api.js</home>
</error>
<error>
<checker>JSHINT.W104</checker>
<file>web_server/src/domain/test_api.js</file>
<line>20</line>
<function>!test_api.js!showPlate</function>
<unmangled_function>showPlate</unmangled_function>
<status>Unclassified</status>
<num>114</num>
<home>1/114test_api.js</home>
</error>
<error>
<checker>JSHINT.W104</checker>
<file>web_server/src/domain/test_api.js</file>
<line>20</line>
<function>!test_api.js!showPlate</function>
<unmangled_function>showPlate</unmangled_function>
<status>Unclassified</status>
<num>115</num>
<home>1/115test_api.js</home>
</error>
<error>
<checker>JSHINT.W104</checker>
<file>web_server/src/domain/test_api.js</file>
<line>26</line>
<function>!test_api.js!showAccessList</function>
<unmangled_function>showAccessList</unmangled_function>
<status>Unclassified</status>
<num>116</num>
<home>1/116test_api.js</home>
</error>
<error>
<checker>JSHINT.W104</checker>
<file>web_server/src/domain/test_api.js</file>
<line>27</line>
<function>!test_api.js!showAccessList</function>
<unmangled_function>showAccessList</unmangled_function>
<status>Unclassified</status>
<num>117</num>
<home>1/117test_api.js</home>
</error>
<error>
<checker>JSHINT.W104</checker>
<file>web_server/src/domain/test_api.js</file>
<line>27</line>
<function>!test_api.js!showAccessList</function>
<unmangled_function>showAccessList</unmangled_function>
<status>Unclassified</status>
<num>118</num>
<home>1/118test_api.js</home>
</error>
<error>
<checker>JSHINT.W104</checker>
<file>web_server/src/index.js</file>
<line>1</line>
<function>!index.js!%SCRIPT</function>
<unmangled_function>&lt;script&gt;</unmangled_function>
<status>Unclassified</status>
<num>119</num>
<home>1/119index.js</home>
</error>
<error>
<checker>JSHINT.W104</checker>
<file>web_server/src/index.js</file>
<line>2</line>
<function>!index.js!%SCRIPT</function>
<unmangled_function>&lt;script&gt;</unmangled_function>
<status>Unclassified</status>
<num>120</num>
<home>1/120index.js</home>
</error>
<error>
<checker>JSHINT.W104</checker>
<file>web_server/src/index.js</file>
<line>3</line>
<function>!index.js!%SCRIPT</function>
<unmangled_function>&lt;script&gt;</unmangled_function>
<status>Unclassified</status>
<num>121</num>
<home>1/121index.js</home>
</error>
<error>
<checker>JSHINT.W104</checker>
<file>web_server/src/index.js</file>
<line>4</line>
<function>!index.js!%SCRIPT</function>
<unmangled_function>&lt;script&gt;</unmangled_function>
<status>Unclassified</status>
<num>122</num>
<home>1/122index.js</home>
</error>
<error>
<checker>JSHINT.W104</checker>
<file>web_server/src/index.js</file>
<line>5</line>
<function>!index.js!%SCRIPT</function>
<unmangled_function>&lt;script&gt;</unmangled_function>
<status>Unclassified</status>
<num>123</num>
<home>1/123index.js</home>
</error>
<error>
<checker>JSHINT.W104</checker>
<file>web_server/src/index.js</file>
<line>6</line>
<function>!index.js!%SCRIPT</function>
<unmangled_function>&lt;script&gt;</unmangled_function>
<status>Unclassified</status>
<num>124</num>
<home>1/124index.js</home>
</error>
<error>
<checker>JSHINT.W104</checker>
<file>web_server/src/index.js</file>
<line>7</line>
<function>!index.js!%SCRIPT</function>
<unmangled_function>&lt;script&gt;</unmangled_function>
<status>Unclassified</status>
<num>125</num>
<home>1/125index.js</home>
</error>
<error>
<checker>JSHINT.W104</checker>
<file>web_server/src/index.js</file>
<line>8</line>
<function>!index.js!%SCRIPT</function>
<unmangled_function>&lt;script&gt;</unmangled_function>
<status>Unclassified</status>
<num>126</num>
<home>1/126index.js</home>
</error>
<error>
<checker>JSHINT.W104</checker>
<file>web_server/src/index.js</file>
<line>11</line>
<function>!index.js!%SCRIPT</function>
<unmangled_function>&lt;script&gt;</unmangled_function>
<status>Unclassified</status>
<num>127</num>
<home>1/127index.js</home>
</error>
<error>
<checker>JSHINT.W104</checker>
<file>web_server/src/index.js</file>
<line>12</line>
<function>!index.js!%SCRIPT</function>
<unmangled_function>&lt;script&gt;</unmangled_function>
<status>Unclassified</status>
<num>128</num>
<home>1/128index.js</home>
</error>
<error>
<checker>JSHINT.W104</checker>
<file>web_server/src/index.js</file>
<line>13</line>
<function>!index.js!%SCRIPT</function>
<unmangled_function>&lt;script&gt;</unmangled_function>
<status>Unclassified</status>
<num>129</num>
<home>1/129index.js</home>
</error>
<error>
<checker>JSHINT.W104</checker>
<file>web_server/src/index.js</file>
<line>14</line>
<function>!index.js!%SCRIPT</function>
<unmangled_function>&lt;script&gt;</unmangled_function>
<status>Unclassified</status>
<num>130</num>
<home>1/130index.js</home>
</error>
<error>
<checker>JSHINT.W104</checker>
<file>web_server/src/index.js</file>
<line>14</line>
<function>!index.js!%SCRIPT</function>
<unmangled_function>&lt;script&gt;</unmangled_function>
<status>Unclassified</status>
<num>131</num>
<home>1/131index.js</home>
</error>
<error>
<checker>JSHINT.W104</checker>
<file>web_server/src/index.js</file>
<line>15</line>
<function>!index.js!%SCRIPT</function>
<unmangled_function>&lt;script&gt;</unmangled_function>
<status>Unclassified</status>
<num>132</num>
<home>1/132index.js</home>
</error>
<error>
<checker>JSHINT.W104</checker>
<file>web_server/src/index.js</file>
<line>16</line>
<function>!index.js!%SCRIPT</function>
<unmangled_function>&lt;script&gt;</unmangled_function>
<status>Unclassified</status>
<num>133</num>
<home>1/133index.js</home>
</error>
<error>
<checker>JSHINT.W104</checker>
<file>web_server/src/index.js</file>
<line>18</line>
<function>!index.js!%SCRIPT</function>
<unmangled_function>&lt;script&gt;</unmangled_function>
<status>Unclassified</status>
<num>134</num>
<home>1/134index.js</home>
</error>
<error>
<checker>JSHINT.W104</checker>
<file>web_server/src/index.js</file>
<line>19</line>
<function>!index.js!%SCRIPT</function>
<unmangled_function>&lt;script&gt;</unmangled_function>
<status>Unclassified</status>
<num>135</num>
<home>1/135index.js</home>
</error>
<error>
<checker>JSHINT.W104</checker>
<file>web_server/src/index.js</file>
<line>20</line>
<function>!index.js!%SCRIPT</function>
<unmangled_function>&lt;script&gt;</unmangled_function>
<status>Unclassified</status>
<num>136</num>
<home>1/136index.js</home>
</error>
<error>
<checker>JSHINT.W104</checker>
<file>web_server/src/index.js</file>
<line>63</line>
<function>!index.js!%SCRIPT</function>
<unmangled_function>&lt;script&gt;</unmangled_function>
<status>Unclassified</status>
<num>137</num>
<home>1/137index.js</home>
</error>
<error>
<checker>JSHINT.W104</checker>
<file>web_server/src/index.js</file>
<line>74</line>
<function>!index.js!%IPFE</function>
<unmangled_function>&lt;anonymous&gt;</unmangled_function>
<status>Unclassified</status>
<num>138</num>
<home>1/138index.js</home>
</error>
<error>
<checker>JSHINT.W104</checker>
<file>web_server/src/loaddb.js</file>
<line>1</line>
<function>!loaddb.js!%SCRIPT</function>
<unmangled_function>&lt;script&gt;</unmangled_function>
<status>Unclassified</status>
<num>139</num>
<home>1/139loaddb.js</home>
</error>
<error>
<checker>JSHINT.W104</checker>
<file>web_server/src/loaddb.js</file>
<line>2</line>
<function>!loaddb.js!%SCRIPT</function>
<unmangled_function>&lt;script&gt;</unmangled_function>
<status>Unclassified</status>
<num>140</num>
<home>1/140loaddb.js</home>
</error>
<error>
<checker>JSHINT.W104</checker>
<file>web_server/src/loaddb.js</file>
<line>3</line>
<function>!loaddb.js!%SCRIPT</function>
<unmangled_function>&lt;script&gt;</unmangled_function>
<status>Unclassified</status>
<num>141</num>
<home>1/141loaddb.js</home>
</error>
<error>
<checker>JSHINT.W104</checker>
<file>web_server/src/loaddb.js</file>
<line>4</line>
<function>!loaddb.js!%SCRIPT</function>
<unmangled_function>&lt;script&gt;</unmangled_function>
<status>Unclassified</status>
<num>142</num>
<home>1/142loaddb.js</home>
</error>
<error>
<checker>JSHINT.W104</checker>
<file>web_server/src/loaddb.js</file>
<line>6</line>
<function>!loaddb.js!%SCRIPT</function>
<unmangled_function>&lt;script&gt;</unmangled_function>
<status>Unclassified</status>
<num>143</num>
<home>1/143loaddb.js</home>
</error>
<error>
<checker>JSHINT.W104</checker>
<file>web_server/src/loaddb.js</file>
<line>7</line>
<function>!loaddb.js!%SCRIPT</function>
<unmangled_function>&lt;script&gt;</unmangled_function>
<status>Unclassified</status>
<num>144</num>
<home>1/144loaddb.js</home>
</error>
<error>
<checker>JSHINT.W104</checker>
<file>web_server/src/loaddb.js</file>
<line>8</line>
<function>!loaddb.js!%SCRIPT</function>
<unmangled_function>&lt;script&gt;</unmangled_function>
<status>Unclassified</status>
<num>145</num>
<home>1/145loaddb.js</home>
</error>
<error>
<checker>JSHINT.W104</checker>
<file>web_server/src/loaddb.js</file>
<line>14</line>
<function>!loaddb.js!%SCRIPT</function>
<unmangled_function>&lt;script&gt;</unmangled_function>
<status>Unclassified</status>
<num>146</num>
<home>1/146loaddb.js</home>
</error>
<error>
<checker>JSHINT.W104</checker>
<file>web_server/src/loaddb.js</file>
<line>17</line>
<function>!loaddb.js!%SCRIPT</function>
<unmangled_function>&lt;script&gt;</unmangled_function>
<status>Unclassified</status>
<num>147</num>
<home>1/147loaddb.js</home>
</error>
<error>
<checker>JSHINT.W104</checker>
<file>web_server/src/util/certificate.js</file>
<line>1</line>
<function>!certificate.js!%SCRIPT</function>
<unmangled_function>&lt;script&gt;</unmangled_function>
<status>Unclassified</status>
<num>148</num>
<home>1/148certificate.js</home>
</error>
<error>
<checker>JSHINT.W104</checker>
<file>web_server/src/util/certificate.js</file>
<line>10</line>
<function>!certificate.js!check_certificate</function>
<unmangled_function>check_certificate</unmangled_function>
<status>Unclassified</status>
<num>149</num>
<home>1/149certificate.js</home>
</error>
<error>
<checker>JSHINT.W104</checker>
<file>web_server/src/util/crypto.js</file>
<line>1</line>
<function>!crypto.js!%SCRIPT</function>
<unmangled_function>&lt;script&gt;</unmangled_function>
<status>Unclassified</status>
<num>150</num>
<home>1/150crypto.js</home>
</error>
<formaterrors>
<link>index51.html</link>
<value>Previous 50 errors</value>
</formaterrors>
<formaterrors>
<link>index151.html</link>
<value>Next 50 errors</value>
</formaterrors>
</coverity>
