<?xml version="1.0" encoding="UTF-8"?>
<!DOCTYPE coverity SYSTEM "config.dtd">
<coverity>
<title>Coverity Errors</title>
<error>
<checker>JSHINT.W104</checker>
<file>web_server/src/util/crypto.js</file>
<line>2</line>
<function>!crypto.js!%SCRIPT</function>
<unmangled_function>&lt;script&gt;</unmangled_function>
<status>Unclassified</status>
<num>151</num>
<home>1/151crypto.js</home>
</error>
<error>
<checker>JSHINT.W104</checker>
<file>web_server/src/util/crypto.js</file>
<line>3</line>
<function>!crypto.js!%SCRIPT</function>
<unmangled_function>&lt;script&gt;</unmangled_function>
<status>Unclassified</status>
<num>152</num>
<home>1/152crypto.js</home>
</error>
<error>
<checker>JSHINT.W104</checker>
<file>web_server/src/util/crypto.js</file>
<line>4</line>
<function>!crypto.js!%SCRIPT</function>
<unmangled_function>&lt;script&gt;</unmangled_function>
<status>Unclassified</status>
<num>153</num>
<home>1/153crypto.js</home>
</error>
<error>
<checker>JSHINT.W104</checker>
<file>web_server/src/util/crypto.js</file>
<line>5</line>
<function>!crypto.js!%SCRIPT</function>
<unmangled_function>&lt;script&gt;</unmangled_function>
<status>Unclassified</status>
<num>154</num>
<home>1/154crypto.js</home>
</error>
<error>
<checker>JSHINT.W104</checker>
<file>web_server/src/util/crypto.js</file>
<line>7</line>
<function>!crypto.js!%SCRIPT</function>
<unmangled_function>&lt;script&gt;</unmangled_function>
<status>Unclassified</status>
<num>155</num>
<home>1/155crypto.js</home>
</error>
<error>
<checker>JSHINT.W104</checker>
<file>web_server/src/util/crypto.js</file>
<line>8</line>
<function>!crypto.js!%SCRIPT</function>
<unmangled_function>&lt;script&gt;</unmangled_function>
<status>Unclassified</status>
<num>156</num>
<home>1/156crypto.js</home>
</error>
<error>
<checker>JSHINT.W104</checker>
<file>web_server/src/util/crypto.js</file>
<line>9</line>
<function>!crypto.js!%SCRIPT</function>
<unmangled_function>&lt;script&gt;</unmangled_function>
<status>Unclassified</status>
<num>157</num>
<home>1/157crypto.js</home>
</error>
<error>
<checker>JSHINT.W104</checker>
<file>web_server/src/util/crypto.js</file>
<line>11</line>
<function>!crypto.js!crypto_init</function>
<unmangled_function>crypto_init</unmangled_function>
<status>Unclassified</status>
<num>158</num>
<home>1/158crypto.js</home>
</error>
<error>
<checker>JSHINT.W104</checker>
<file>web_server/src/util/crypto.js</file>
<line>13</line>
<function>!crypto.js!crypto_init</function>
<unmangled_function>crypto_init</unmangled_function>
<status>Unclassified</status>
<num>159</num>
<home>1/159crypto.js</home>
</error>
<error>
<checker>JSHINT.W104</checker>
<file>web_server/src/util/crypto.js</file>
<line>17</line>
<function>!crypto.js!crypto_init</function>
<unmangled_function>crypto_init</unmangled_function>
<status>Unclassified</status>
<num>160</num>
<home>1/160crypto.js</home>
</error>
<error>
<checker>JSHINT.W104</checker>
<file>web_server/src/util/crypto.js</file>
<line>18</line>
<function>!crypto.js!crypto_init</function>
<unmangled_function>crypto_init</unmangled_function>
<status>Unclassified</status>
<num>161</num>
<home>1/161crypto.js</home>
</error>
<error>
<checker>JSHINT.W104</checker>
<file>web_server/src/util/crypto.js</file>
<line>27</line>
<function>!crypto.js!crypto_init</function>
<unmangled_function>crypto_init</unmangled_function>
<status>Unclassified</status>
<num>162</num>
<home>1/162crypto.js</home>
</error>
<error>
<checker>JSHINT.W104</checker>
<file>web_server/src/util/crypto.js</file>
<line>45</line>
<function>!crypto.js!hash</function>
<unmangled_function>hash</unmangled_function>
<status>Unclassified</status>
<num>163</num>
<home>1/163crypto.js</home>
</error>
<error>
<checker>JSHINT.W104</checker>
<file>web_server/src/util/crypto.js</file>
<line>50</line>
<function>!crypto.js!gen_iv</function>
<unmangled_function>gen_iv</unmangled_function>
<status>Unclassified</status>
<num>164</num>
<home>1/164crypto.js</home>
</error>
<error>
<checker>JSHINT.W104</checker>
<file>web_server/src/util/crypto.js</file>
<line>52</line>
<function>!crypto.js!aesEncrypt</function>
<unmangled_function>aesEncrypt</unmangled_function>
<status>Unclassified</status>
<num>165</num>
<home>1/165crypto.js</home>
</error>
<error>
<checker>JSHINT.W104</checker>
<file>web_server/src/util/crypto.js</file>
<line>54</line>
<function>!crypto.js!aesEncrypt</function>
<unmangled_function>aesEncrypt</unmangled_function>
<status>Unclassified</status>
<num>166</num>
<home>1/166crypto.js</home>
</error>
<error>
<checker>JSHINT.W104</checker>
<file>web_server/src/util/crypto.js</file>
<line>55</line>
<function>!crypto.js!aesEncrypt</function>
<unmangled_function>aesEncrypt</unmangled_function>
<status>Unclassified</status>
<num>167</num>
<home>1/167crypto.js</home>
</error>
<error>
<checker>JSHINT.W104</checker>
<file>web_server/src/util/crypto.js</file>
<line>60</line>
<function>!crypto.js!aesDecrypt</function>
<unmangled_function>aesDecrypt</unmangled_function>
<status>Unclassified</status>
<num>168</num>
<home>1/168crypto.js</home>
</error>
<error>
<checker>JSHINT.W104</checker>
<file>web_server/src/util/crypto.js</file>
<line>62</line>
<function>!crypto.js!aesDecrypt</function>
<unmangled_function>aesDecrypt</unmangled_function>
<status>Unclassified</status>
<num>169</num>
<home>1/169crypto.js</home>
</error>
<error>
<checker>JSHINT.W104</checker>
<file>web_server/src/util/crypto.js</file>
<line>63</line>
<function>!crypto.js!aesDecrypt</function>
<unmangled_function>aesDecrypt</unmangled_function>
<status>Unclassified</status>
<num>170</num>
<home>1/170crypto.js</home>
</error>
<error>
<checker>JSHINT.W104</checker>
<file>web_server/src/util/db.js</file>
<line>2</line>
<function>!db.js!%SCRIPT</function>
<unmangled_function>&lt;script&gt;</unmangled_function>
<status>Unclassified</status>
<num>171</num>
<home>1/171db.js</home>
</error>
<error>
<checker>JSHINT.W104</checker>
<file>web_server/src/util/db.js</file>
<line>3</line>
<function>!db.js!%SCRIPT</function>
<unmangled_function>&lt;script&gt;</unmangled_function>
<status>Unclassified</status>
<num>172</num>
<home>1/172db.js</home>
</error>
<error>
<checker>JSHINT.W104</checker>
<file>web_server/src/util/db.js</file>
<line>4</line>
<function>!db.js!%SCRIPT</function>
<unmangled_function>&lt;script&gt;</unmangled_function>
<status>Unclassified</status>
<num>173</num>
<home>1/173db.js</home>
</error>
<error>
<checker>JSHINT.W104</checker>
<file>web_server/src/util/db.js</file>
<line>7</line>
<function>!db.js!%SCRIPT</function>
<unmangled_function>&lt;script&gt;</unmangled_function>
<status>Unclassified</status>
<num>174</num>
<home>1/174db.js</home>
</error>
<error>
<checker>JSHINT.W104</checker>
<file>web_server/src/util/db.js</file>
<line>8</line>
<function>!db.js!%SCRIPT</function>
<unmangled_function>&lt;script&gt;</unmangled_function>
<status>Unclassified</status>
<num>175</num>
<home>1/175db.js</home>
</error>
<error>
<checker>JSHINT.W104</checker>
<file>web_server/src/util/utils.js</file>
<line>1</line>
<function>!utils.js!%SCRIPT</function>
<unmangled_function>&lt;script&gt;</unmangled_function>
<status>Unclassified</status>
<num>176</num>
<home>1/176utils.js</home>
</error>
<error>
<checker>JSHINT.W104</checker>
<file>web_server/src/util/utils.js</file>
<line>2</line>
<function>!utils.js!%SCRIPT</function>
<unmangled_function>&lt;script&gt;</unmangled_function>
<status>Unclassified</status>
<num>177</num>
<home>1/177utils.js</home>
</error>
<error>
<checker>JSHINT.W104</checker>
<file>web_server/src/util/utils.js</file>
<line>3</line>
<function>!utils.js!%SCRIPT</function>
<unmangled_function>&lt;script&gt;</unmangled_function>
<status>Unclassified</status>
<num>178</num>
<home>1/178utils.js</home>
</error>
<error>
<checker>JSHINT.W104</checker>
<file>web_server/src/util/utils.js</file>
<line>5</line>
<function>!utils.js!%SCRIPT</function>
<unmangled_function>&lt;script&gt;</unmangled_function>
<status>Unclassified</status>
<num>179</num>
<home>1/179utils.js</home>
</error>
<error>
<checker>JSHINT.W104</checker>
<file>web_server/src/util/utils.js</file>
<line>5</line>
<function>!utils.js!%SCRIPT</function>
<unmangled_function>&lt;script&gt;</unmangled_function>
<status>Unclassified</status>
<num>180</num>
<home>1/180utils.js</home>
</error>
<error>
<checker>JSHINT.W104</checker>
<file>web_server/src/util/utils.js</file>
<line>6</line>
<function>!utils.js!%SCRIPT</function>
<unmangled_function>&lt;script&gt;</unmangled_function>
<status>Unclassified</status>
<num>181</num>
<home>1/181utils.js</home>
</error>
<error>
<checker>JSHINT.W104</checker>
<file>web_server/src/util/utils.js</file>
<line>8</line>
<function>!utils.js!%SCRIPT</function>
<unmangled_function>&lt;script&gt;</unmangled_function>
<status>Unclassified</status>
<num>182</num>
<home>1/182utils.js</home>
</error>
<error>
<checker>JSHINT.W104</checker>
<file>web_server/src/util/utils.js</file>
<line>14</line>
<function>!utils.js!%SCRIPT</function>
<unmangled_function>&lt;script&gt;</unmangled_function>
<status>Unclassified</status>
<num>183</num>
<home>1/183utils.js</home>
</error>
<error>
<checker>JSHINT.W104</checker>
<file>web_server/src/util/utils.js</file>
<line>20</line>
<function>!utils.js!%SCRIPT</function>
<unmangled_function>&lt;script&gt;</unmangled_function>
<status>Unclassified</status>
<num>184</num>
<home>1/184utils.js</home>
</error>
<error>
<checker>JSHINT.W104</checker>
<file>web_server/src/util/utils.js</file>
<line>26</line>
<function>!utils.js!%SCRIPT</function>
<unmangled_function>&lt;script&gt;</unmangled_function>
<status>Unclassified</status>
<num>185</num>
<home>1/185utils.js</home>
</error>
<error>
<checker>JSHINT.W104</checker>
<file>web_server/src/util/utils.js</file>
<line>33</line>
<function>!utils.js!sendMail</function>
<unmangled_function>sendMail</unmangled_function>
<status>Unclassified</status>
<num>186</num>
<home>1/186utils.js</home>
</error>
<error>
<checker>JSHINT.W104</checker>
<file>web_server/src/util/utils.js</file>
<line>34</line>
<function>!utils.js!sendMail</function>
<unmangled_function>sendMail</unmangled_function>
<status>Unclassified</status>
<num>187</num>
<home>1/187utils.js</home>
</error>
<error>
<checker>JSHINT.W104</checker>
<file>web_server/src/util/utils.js</file>
<line>44</line>
<function>!utils.js!sendMail</function>
<unmangled_function>sendMail</unmangled_function>
<status>Unclassified</status>
<num>188</num>
<home>1/188utils.js</home>
</error>
<error>
<checker>JSHINT.W104</checker>
<file>web_server/src/util/utils.js</file>
<line>50</line>
<function>!utils.js!sendMail</function>
<unmangled_function>sendMail</unmangled_function>
<status>Unclassified</status>
<num>189</num>
<home>1/189utils.js</home>
</error>
<error>
<checker>JSHINT.W104</checker>
<file>web_server/src/util/utils.js</file>
<line>91</line>
<function>!utils.js!findPlate</function>
<unmangled_function>findPlate</unmangled_function>
<status>Unclassified</status>
<num>190</num>
<home>1/190utils.js</home>
</error>
<error>
<checker>JSHINT.W119</checker>
<file>web_server/src/domain/action.js</file>
<line>54</line>
<function>!action.js!login</function>
<unmangled_function>login</unmangled_function>
<status>Unclassified</status>
<num>191</num>
<home>1/191action.js</home>
</error>
<error>
<checker>JSHINT.W119</checker>
<file>web_server/src/domain/action.js</file>
<line>57</line>
<function>!action.js!login</function>
<unmangled_function>login</unmangled_function>
<status>Unclassified</status>
<num>192</num>
<home>1/192action.js</home>
</error>
<error>
<checker>JSHINT.W119</checker>
<file>web_server/src/domain/action.js</file>
<line>100</line>
<function>!action.js!verify</function>
<unmangled_function>verify</unmangled_function>
<status>Unclassified</status>
<num>193</num>
<home>1/193action.js</home>
</error>
<error>
<checker>JSHINT.W119</checker>
<file>web_server/src/domain/action.js</file>
<line>105</line>
<function>!action.js!verify</function>
<unmangled_function>verify</unmangled_function>
<status>Unclassified</status>
<num>194</num>
<home>1/194action.js</home>
</error>
<error>
<checker>JSHINT.W119</checker>
<file>web_server/src/domain/action.js</file>
<line>118</line>
<function>!action.js!verify</function>
<unmangled_function>verify</unmangled_function>
<status>Unclassified</status>
<num>195</num>
<home>1/195action.js</home>
</error>
<error>
<checker>JSHINT.W119</checker>
<file>web_server/src/domain/action.js</file>
<line>123</line>
<function>!action.js!verify</function>
<unmangled_function>verify</unmangled_function>
<status>Unclassified</status>
<num>196</num>
<home>1/196action.js</home>
</error>
<error>
<checker>JSHINT.W119</checker>
<file>web_server/src/domain/action.js</file>
<line>131</line>
<function>!action.js!verify</function>
<unmangled_function>verify</unmangled_function>
<status>Unclassified</status>
<num>197</num>
<home>1/197action.js</home>
</error>
<error>
<checker>JSHINT.W119</checker>
<file>web_server/src/domain/action.js</file>
<line>135</line>
<function>!action.js!verify</function>
<unmangled_function>verify</unmangled_function>
<status>Unclassified</status>
<num>198</num>
<home>1/198action.js</home>
</error>
<error>
<checker>JSHINT.W119</checker>
<file>web_server/src/domain/action.js</file>
<line>147</line>
<function>!action.js!approve</function>
<unmangled_function>approve</unmangled_function>
<status>Unclassified</status>
<num>199</num>
<home>1/199action.js</home>
</error>
<error>
<checker>JSHINT.W119</checker>
<file>web_server/src/domain/api.js</file>
<line>13</line>
<function>!api.js!register</function>
<unmangled_function>register</unmangled_function>
<status>Unclassified</status>
<num>200</num>
<home>1/200api.js</home>
</error>
<formaterrors>
<link>index101.html</link>
<value>Previous 50 errors</value>
</formaterrors>
<formaterrors>
<link>index201.html</link>
<value>Next 50 errors</value>
</formaterrors>
</coverity>
