<?xml version="1.0" encoding="UTF-8"?>
<!DOCTYPE coverity SYSTEM "config.dtd">
<coverity>
<title>Coverity Errors</title>
<error>
<checker>JSHINT.W033</checker>
<file>web_server/src/util/utils.js</file>
<line>119</line>
<function>!utils.js!findPlate</function>
<unmangled_function>findPlate</unmangled_function>
<status>Unclassified</status>
<num>51</num>
<home>1/51utils.js</home>
</error>
<error>
<checker>JSHINT.W033</checker>
<file>web_server/src/util/utils.js</file>
<line>125</line>
<function>!utils.js!%SCRIPT</function>
<unmangled_function>&lt;script&gt;</unmangled_function>
<status>Unclassified</status>
<num>52</num>
<home>1/52utils.js</home>
</error>
<error>
<checker>JSHINT.W038</checker>
<file>web_server/src/domain/test_api.js</file>
<line>43</line>
<function>!test_api.js!track</function>
<unmangled_function>track</unmangled_function>
<status>Unclassified</status>
<num>53</num>
<home>1/53test_api.js</home>
</error>
<error>
<checker>JSHINT.W104</checker>
<file>web_server/src/config.js</file>
<line>2</line>
<function>!config.js!%SCRIPT</function>
<unmangled_function>&lt;script&gt;</unmangled_function>
<status>Unclassified</status>
<num>54</num>
<home>1/54config.js</home>
</error>
<error>
<checker>JSHINT.W104</checker>
<file>web_server/src/config.js</file>
<line>3</line>
<function>!config.js!%SCRIPT</function>
<unmangled_function>&lt;script&gt;</unmangled_function>
<status>Unclassified</status>
<num>55</num>
<home>1/55config.js</home>
</error>
<error>
<checker>JSHINT.W104</checker>
<file>web_server/src/domain/action.js</file>
<line>1</line>
<function>!action.js!%SCRIPT</function>
<unmangled_function>&lt;script&gt;</unmangled_function>
<status>Unclassified</status>
<num>56</num>
<home>1/56action.js</home>
</error>
<error>
<checker>JSHINT.W104</checker>
<file>web_server/src/domain/action.js</file>
<line>2</line>
<function>!action.js!%SCRIPT</function>
<unmangled_function>&lt;script&gt;</unmangled_function>
<status>Unclassified</status>
<num>57</num>
<home>1/57action.js</home>
</error>
<error>
<checker>JSHINT.W104</checker>
<file>web_server/src/domain/action.js</file>
<line>2</line>
<function>!action.js!%SCRIPT</function>
<unmangled_function>&lt;script&gt;</unmangled_function>
<status>Unclassified</status>
<num>58</num>
<home>1/58action.js</home>
</error>
<error>
<checker>JSHINT.W104</checker>
<file>web_server/src/domain/action.js</file>
<line>3</line>
<function>!action.js!%SCRIPT</function>
<unmangled_function>&lt;script&gt;</unmangled_function>
<status>Unclassified</status>
<num>59</num>
<home>1/59action.js</home>
</error>
<error>
<checker>JSHINT.W104</checker>
<file>web_server/src/domain/action.js</file>
<line>4</line>
<function>!action.js!%SCRIPT</function>
<unmangled_function>&lt;script&gt;</unmangled_function>
<status>Unclassified</status>
<num>60</num>
<home>1/60action.js</home>
</error>
<error>
<checker>JSHINT.W104</checker>
<file>web_server/src/domain/action.js</file>
<line>7</line>
<function>!action.js!index</function>
<unmangled_function>index</unmangled_function>
<status>Unclassified</status>
<num>61</num>
<home>1/61action.js</home>
</error>
<error>
<checker>JSHINT.W104</checker>
<file>web_server/src/domain/action.js</file>
<line>12</line>
<function>!action.js!index</function>
<unmangled_function>index</unmangled_function>
<status>Unclassified</status>
<num>62</num>
<home>1/62action.js</home>
</error>
<error>
<checker>JSHINT.W104</checker>
<file>web_server/src/domain/action.js</file>
<line>13</line>
<function>!action.js!index</function>
<unmangled_function>index</unmangled_function>
<status>Unclassified</status>
<num>63</num>
<home>1/63action.js</home>
</error>
<error>
<checker>JSHINT.W104</checker>
<file>web_server/src/domain/action.js</file>
<line>13</line>
<function>!action.js!index</function>
<unmangled_function>index</unmangled_function>
<status>Unclassified</status>
<num>64</num>
<home>1/64action.js</home>
</error>
<error>
<checker>JSHINT.W104</checker>
<file>web_server/src/domain/action.js</file>
<line>18</line>
<function>!action.js!index</function>
<unmangled_function>index</unmangled_function>
<status>Unclassified</status>
<num>65</num>
<home>1/65action.js</home>
</error>
<error>
<checker>JSHINT.W104</checker>
<file>web_server/src/domain/action.js</file>
<line>21</line>
<function>!action.js!index</function>
<unmangled_function>index</unmangled_function>
<status>Unclassified</status>
<num>66</num>
<home>1/66action.js</home>
</error>
<error>
<checker>JSHINT.W104</checker>
<file>web_server/src/domain/action.js</file>
<line>24</line>
<function>!action.js!index</function>
<unmangled_function>index</unmangled_function>
<status>Unclassified</status>
<num>67</num>
<home>1/67action.js</home>
</error>
<error>
<checker>JSHINT.W104</checker>
<file>web_server/src/domain/action.js</file>
<line>42</line>
<function>!action.js!login</function>
<unmangled_function>login</unmangled_function>
<status>Unclassified</status>
<num>68</num>
<home>1/68action.js</home>
</error>
<error>
<checker>JSHINT.W104</checker>
<file>web_server/src/domain/action.js</file>
<line>44</line>
<function>!action.js!login</function>
<unmangled_function>login</unmangled_function>
<status>Unclassified</status>
<num>69</num>
<home>1/69action.js</home>
</error>
<error>
<checker>JSHINT.W104</checker>
<file>web_server/src/domain/action.js</file>
<line>51</line>
<function>!action.js!login</function>
<unmangled_function>login</unmangled_function>
<status>Unclassified</status>
<num>70</num>
<home>1/70action.js</home>
</error>
<error>
<checker>JSHINT.W104</checker>
<file>web_server/src/domain/action.js</file>
<line>51</line>
<function>!action.js!login</function>
<unmangled_function>login</unmangled_function>
<status>Unclassified</status>
<num>71</num>
<home>1/71action.js</home>
</error>
<error>
<checker>JSHINT.W104</checker>
<file>web_server/src/domain/action.js</file>
<line>52</line>
<function>!action.js!login</function>
<unmangled_function>login</unmangled_function>
<status>Unclassified</status>
<num>72</num>
<home>1/72action.js</home>
</error>
<error>
<checker>JSHINT.W104</checker>
<file>web_server/src/domain/action.js</file>
<line>54</line>
<function>!action.js!login</function>
<unmangled_function>login</unmangled_function>
<status>Unclassified</status>
<num>73</num>
<home>1/73action.js</home>
</error>
<error>
<checker>JSHINT.W104</checker>
<file>web_server/src/domain/action.js</file>
<line>77</line>
<function>!action.js!logout</function>
<unmangled_function>logout</unmangled_function>
<status>Unclassified</status>
<num>74</num>
<home>1/74action.js</home>
</error>
<error>
<checker>JSHINT.W104</checker>
<file>web_server/src/domain/action.js</file>
<line>93</line>
<function>!action.js!verify</function>
<unmangled_function>verify</unmangled_function>
<status>Unclassified</status>
<num>75</num>
<home>1/75action.js</home>
</error>
<error>
<checker>JSHINT.W104</checker>
<file>web_server/src/domain/action.js</file>
<line>97</line>
<function>!action.js!verify</function>
<unmangled_function>verify</unmangled_function>
<status>Unclassified</status>
<num>76</num>
<home>1/76action.js</home>
</error>
<error>
<checker>JSHINT.W104</checker>
<file>web_server/src/domain/action.js</file>
<line>97</line>
<function>!action.js!verify</function>
<unmangled_function>verify</unmangled_function>
<status>Unclassified</status>
<num>77</num>
<home>1/77action.js</home>
</error>
<error>
<checker>JSHINT.W104</checker>
<file>web_server/src/domain/action.js</file>
<line>105</line>
<function>!action.js!verify</function>
<unmangled_function>verify</unmangled_function>
<status>Unclassified</status>
<num>78</num>
<home>1/78action.js</home>
</error>
<error>
<checker>JSHINT.W104</checker>
<file>web_server/src/domain/action.js</file>
<line>142</line>
<function>!action.js!approve</function>
<unmangled_function>approve</unmangled_function>
<status>Unclassified</status>
<num>79</num>
<home>1/79action.js</home>
</error>
<error>
<checker>JSHINT.W104</checker>
<file>web_server/src/domain/action.js</file>
<line>146</line>
<function>!action.js!approve</function>
<unmangled_function>approve</unmangled_function>
<status>Unclassified</status>
<num>80</num>
<home>1/80action.js</home>
</error>
<error>
<checker>JSHINT.W104</checker>
<file>web_server/src/domain/action.js</file>
<line>146</line>
<function>!action.js!approve</function>
<unmangled_function>approve</unmangled_function>
<status>Unclassified</status>
<num>81</num>
<home>1/81action.js</home>
</error>
<error>
<checker>JSHINT.W104</checker>
<file>web_server/src/domain/api.js</file>
<line>1</line>
<function>!api.js!%SCRIPT</function>
<unmangled_function>&lt;script&gt;</unmangled_function>
<status>Unclassified</status>
<num>82</num>
<home>1/82api.js</home>
</error>
<error>
<checker>JSHINT.W104</checker>
<file>web_server/src/domain/api.js</file>
<line>2</line>
<function>!api.js!%SCRIPT</function>
<unmangled_function>&lt;script&gt;</unmangled_function>
<status>Unclassified</status>
<num>83</num>
<home>1/83api.js</home>
</error>
<error>
<checker>JSHINT.W104</checker>
<file>web_server/src/domain/api.js</file>
<line>2</line>
<function>!api.js!%SCRIPT</function>
<unmangled_function>&lt;script&gt;</unmangled_function>
<status>Unclassified</status>
<num>84</num>
<home>1/84api.js</home>
</error>
<error>
<checker>JSHINT.W104</checker>
<file>web_server/src/domain/api.js</file>
<line>3</line>
<function>!api.js!%SCRIPT</function>
<unmangled_function>&lt;script&gt;</unmangled_function>
<status>Unclassified</status>
<num>85</num>
<home>1/85api.js</home>
</error>
<error>
<checker>JSHINT.W104</checker>
<file>web_server/src/domain/api.js</file>
<line>4</line>
<function>!api.js!%SCRIPT</function>
<unmangled_function>&lt;script&gt;</unmangled_function>
<status>Unclassified</status>
<num>86</num>
<home>1/86api.js</home>
</error>
<error>
<checker>JSHINT.W104</checker>
<file>web_server/src/domain/api.js</file>
<line>42</line>
<function>!api.js!verify</function>
<unmangled_function>verify</unmangled_function>
<status>Unclassified</status>
<num>87</num>
<home>1/87api.js</home>
</error>
<error>
<checker>JSHINT.W104</checker>
<file>web_server/src/domain/api.js</file>
<line>43</line>
<function>!api.js!verify</function>
<unmangled_function>verify</unmangled_function>
<status>Unclassified</status>
<num>88</num>
<home>1/88api.js</home>
</error>
<error>
<checker>JSHINT.W104</checker>
<file>web_server/src/domain/api.js</file>
<line>45</line>
<function>!api.js!verify</function>
<unmangled_function>verify</unmangled_function>
<status>Unclassified</status>
<num>89</num>
<home>1/89api.js</home>
</error>
<error>
<checker>JSHINT.W104</checker>
<file>web_server/src/domain/api.js</file>
<line>85</line>
<function>!api.js!verify</function>
<unmangled_function>verify</unmangled_function>
<status>Unclassified</status>
<num>90</num>
<home>1/90api.js</home>
</error>
<error>
<checker>JSHINT.W104</checker>
<file>web_server/src/domain/api.js</file>
<line>107</line>
<function>!api.js!login</function>
<unmangled_function>login</unmangled_function>
<status>Unclassified</status>
<num>91</num>
<home>1/91api.js</home>
</error>
<error>
<checker>JSHINT.W104</checker>
<file>web_server/src/domain/api.js</file>
<line>107</line>
<function>!api.js!login</function>
<unmangled_function>login</unmangled_function>
<status>Unclassified</status>
<num>92</num>
<home>1/92api.js</home>
</error>
<error>
<checker>JSHINT.W104</checker>
<file>web_server/src/domain/api.js</file>
<line>110</line>
<function>!api.js!login</function>
<unmangled_function>login</unmangled_function>
<status>Unclassified</status>
<num>93</num>
<home>1/93api.js</home>
</error>
<error>
<checker>JSHINT.W104</checker>
<file>web_server/src/domain/api.js</file>
<line>111</line>
<function>!api.js!login</function>
<unmangled_function>login</unmangled_function>
<status>Unclassified</status>
<num>94</num>
<home>1/94api.js</home>
</error>
<error>
<checker>JSHINT.W104</checker>
<file>web_server/src/domain/api.js</file>
<line>135</line>
<function>!api.js!query</function>
<unmangled_function>query</unmangled_function>
<status>Unclassified</status>
<num>95</num>
<home>1/95api.js</home>
</error>
<error>
<checker>JSHINT.W104</checker>
<file>web_server/src/domain/api.js</file>
<line>136</line>
<function>!api.js!query</function>
<unmangled_function>query</unmangled_function>
<status>Unclassified</status>
<num>96</num>
<home>1/96api.js</home>
</error>
<error>
<checker>JSHINT.W104</checker>
<file>web_server/src/domain/api.js</file>
<line>137</line>
<function>!api.js!query</function>
<unmangled_function>query</unmangled_function>
<status>Unclassified</status>
<num>97</num>
<home>1/97api.js</home>
</error>
<error>
<checker>JSHINT.W104</checker>
<file>web_server/src/domain/api.js</file>
<line>138</line>
<function>!api.js!query</function>
<unmangled_function>query</unmangled_function>
<status>Unclassified</status>
<num>98</num>
<home>1/98api.js</home>
</error>
<error>
<checker>JSHINT.W104</checker>
<file>web_server/src/domain/api.js</file>
<line>160</line>
<function>!api.js!send_email</function>
<unmangled_function>send_email</unmangled_function>
<status>Unclassified</status>
<num>99</num>
<home>1/99api.js</home>
</error>
<error>
<checker>JSHINT.W104</checker>
<file>web_server/src/domain/api.js</file>
<line>163</line>
<function>!api.js!send_email</function>
<unmangled_function>send_email</unmangled_function>
<status>Unclassified</status>
<num>100</num>
<home>1/100api.js</home>
</error>
<formaterrors>
<link>index1.html</link>
<value>Previous 50 errors</value>
</formaterrors>
<formaterrors>
<link>index101.html</link>
<value>Next 50 errors</value>
</formaterrors>
</coverity>
