<?xml version="1.0" encoding="UTF-8"?>
<!DOCTYPE coverity SYSTEM "config.dtd">
<coverity>
<title>Coverity Errors</title>
<error>
<checker>BAD_CERT_VERIFICATION</checker>
<file>web_server/src/index.js</file>
<line>67</line>
<function>!index.js!%SCRIPT</function>
<unmangled_function>&lt;script&gt;</unmangled_function>
<status>Unclassified</status>
<num>1</num>
<home>1/1index.js</home>
</error>
<error>
<checker>EXPRESS_X_POWERED_BY_ENABLED</checker>
<file>web_server/src/index.js</file>
<line>18</line>
<function>!index.js!%SCRIPT</function>
<unmangled_function>&lt;script&gt;</unmangled_function>
<status>Unclassified</status>
<num>2</num>
<home>1/2index.js</home>
</error>
<error>
<checker>HARDCODED_CREDENTIALS</checker>
<file>web_server/src/index.js</file>
<line>31</line>
<function>!index.js!%SCRIPT</function>
<unmangled_function>&lt;script&gt;</unmangled_function>
<status>Unclassified</status>
<num>3</num>
<home>1/3index.js</home>
</error>
<error>
<checker>HARDCODED_CREDENTIALS</checker>
<file>web_server/src/util/crypto.js</file>
<line>47</line>
<function>!crypto.js!hash</function>
<unmangled_function>hash</unmangled_function>
<status>Unclassified</status>
<num>4</num>
<home>1/4crypto.js</home>
</error>
<error>
<checker>HARDCODED_CREDENTIALS</checker>
<file>web_server/src/util/crypto.js</file>
<line>62</line>
<function>!crypto.js!aesDecrypt</function>
<unmangled_function>aesDecrypt</unmangled_function>
<status>Unclassified</status>
<num>5</num>
<home>1/5crypto.js</home>
</error>
<error>
<checker>HARDCODED_CREDENTIALS</checker>
<file>web_server/src/util/crypto.js</file>
<line>54</line>
<function>!crypto.js!aesEncrypt</function>
<unmangled_function>aesEncrypt</unmangled_function>
<status>Unclassified</status>
<num>6</num>
<home>1/6crypto.js</home>
</error>
<error>
<checker>JSHINT.W004</checker>
<file>web_server/src/domain/test_api.js</file>
<line>41</line>
<function>!test_api.js!track</function>
<unmangled_function>track</unmangled_function>
<status>Unclassified</status>
<num>7</num>
<home>1/7test_api.js</home>
</error>
<error>
<checker>JSHINT.W004</checker>
<file>web_server/src/domain/test_api.js</file>
<line>47</line>
<function>!test_api.js!track</function>
<unmangled_function>track</unmangled_function>
<status>Unclassified</status>
<num>8</num>
<home>1/8test_api.js</home>
</error>
<error>
<checker>JSHINT.W004</checker>
<file>web_server/src/domain/test_api.js</file>
<line>49</line>
<function>!test_api.js!track</function>
<unmangled_function>track</unmangled_function>
<status>Unclassified</status>
<num>9</num>
<home>1/9test_api.js</home>
</error>
<error>
<checker>JSHINT.W010</checker>
<file>web_server/src/util/utils.js</file>
<line>92</line>
<function>!utils.js!findPlate</function>
<unmangled_function>findPlate</unmangled_function>
<status>Unclassified</status>
<num>10</num>
<home>1/10utils.js</home>
</error>
<error>
<checker>JSHINT.W014</checker>
<file>web_server/src/domain/api.js</file>
<line>9</line>
<function>!api.js!register</function>
<unmangled_function>register</unmangled_function>
<status>Unclassified</status>
<num>11</num>
<home>1/11api.js</home>
</error>
<error>
<checker>JSHINT.W014</checker>
<file>web_server/src/domain/api.js</file>
<line>10</line>
<function>!api.js!register</function>
<unmangled_function>register</unmangled_function>
<status>Unclassified</status>
<num>12</num>
<home>1/12api.js</home>
</error>
<error>
<checker>JSHINT.W014</checker>
<file>web_server/src/domain/api.js</file>
<line>11</line>
<function>!api.js!register</function>
<unmangled_function>register</unmangled_function>
<status>Unclassified</status>
<num>13</num>
<home>1/13api.js</home>
</error>
<error>
<checker>JSHINT.W014</checker>
<file>web_server/src/domain/api.js</file>
<line>12</line>
<function>!api.js!register</function>
<unmangled_function>register</unmangled_function>
<status>Unclassified</status>
<num>14</num>
<home>1/14api.js</home>
</error>
<error>
<checker>JSHINT.W014</checker>
<file>web_server/src/domain/api.js</file>
<line>181</line>
<function>!api.js!reset</function>
<unmangled_function>reset</unmangled_function>
<status>Unclassified</status>
<num>15</num>
<home>1/15api.js</home>
</error>
<error>
<checker>JSHINT.W033</checker>
<file>web_server/src/config.js</file>
<line>14</line>
<function>!config.js!%SCRIPT</function>
<unmangled_function>&lt;script&gt;</unmangled_function>
<status>Unclassified</status>
<num>16</num>
<home>1/16config.js</home>
</error>
<error>
<checker>JSHINT.W033</checker>
<file>web_server/src/domain/action.js</file>
<line>40</line>
<function>!action.js!index</function>
<unmangled_function>index</unmangled_function>
<status>Unclassified</status>
<num>17</num>
<home>1/17action.js</home>
</error>
<error>
<checker>JSHINT.W033</checker>
<file>web_server/src/domain/action.js</file>
<line>75</line>
<function>!action.js!login</function>
<unmangled_function>login</unmangled_function>
<status>Unclassified</status>
<num>18</num>
<home>1/18action.js</home>
</error>
<error>
<checker>JSHINT.W033</checker>
<file>web_server/src/domain/action.js</file>
<line>91</line>
<function>!action.js!logout</function>
<unmangled_function>logout</unmangled_function>
<status>Unclassified</status>
<num>19</num>
<home>1/19action.js</home>
</error>
<error>
<checker>JSHINT.W033</checker>
<file>web_server/src/domain/action.js</file>
<line>140</line>
<function>!action.js!verify</function>
<unmangled_function>verify</unmangled_function>
<status>Unclassified</status>
<num>20</num>
<home>1/20action.js</home>
</error>
<error>
<checker>JSHINT.W033</checker>
<file>web_server/src/domain/action.js</file>
<line>151</line>
<function>!action.js!approve</function>
<unmangled_function>approve</unmangled_function>
<status>Unclassified</status>
<num>21</num>
<home>1/21action.js</home>
</error>
<error>
<checker>JSHINT.W033</checker>
<file>web_server/src/domain/api.js</file>
<line>33</line>
<function>!api.js!register</function>
<unmangled_function>register</unmangled_function>
<status>Unclassified</status>
<num>22</num>
<home>1/22api.js</home>
</error>
<error>
<checker>JSHINT.W033</checker>
<file>web_server/src/domain/api.js</file>
<line>96</line>
<function>!api.js!verify</function>
<unmangled_function>verify</unmangled_function>
<status>Unclassified</status>
<num>23</num>
<home>1/23api.js</home>
</error>
<error>
<checker>JSHINT.W033</checker>
<file>web_server/src/domain/api.js</file>
<line>130</line>
<function>!api.js!login</function>
<unmangled_function>login</unmangled_function>
<status>Unclassified</status>
<num>24</num>
<home>1/24api.js</home>
</error>
<error>
<checker>JSHINT.W033</checker>
<file>web_server/src/domain/api.js</file>
<line>153</line>
<function>!api.js!query</function>
<unmangled_function>query</unmangled_function>
<status>Unclassified</status>
<num>25</num>
<home>1/25api.js</home>
</error>
<error>
<checker>JSHINT.W033</checker>
<file>web_server/src/domain/api.js</file>
<line>173</line>
<function>!api.js!send_email</function>
<unmangled_function>send_email</unmangled_function>
<status>Unclassified</status>
<num>26</num>
<home>1/26api.js</home>
</error>
<error>
<checker>JSHINT.W033</checker>
<file>web_server/src/domain/api.js</file>
<line>190</line>
<function>!api.js!reset</function>
<unmangled_function>reset</unmangled_function>
<status>Unclassified</status>
<num>27</num>
<home>1/27api.js</home>
</error>
<error>
<checker>JSHINT.W033</checker>
<file>web_server/src/domain/api.js</file>
<line>206</line>
<function>!api.js!change_passwd</function>
<unmangled_function>change_passwd</unmangled_function>
<status>Unclassified</status>
<num>28</num>
<home>1/28api.js</home>
</error>
<error>
<checker>JSHINT.W033</checker>
<file>web_server/src/domain/api.js</file>
<line>221</line>
<function>!api.js!logout</function>
<unmangled_function>logout</unmangled_function>
<status>Unclassified</status>
<num>29</num>
<home>1/29api.js</home>
</error>
<error>
<checker>JSHINT.W033</checker>
<file>web_server/src/domain/test_api.js</file>
<line>10</line>
<function>!test_api.js!showUserInfo</function>
<unmangled_function>showUserInfo</unmangled_function>
<status>Unclassified</status>
<num>30</num>
<home>1/30test_api.js</home>
</error>
<error>
<checker>JSHINT.W033</checker>
<file>web_server/src/domain/test_api.js</file>
<line>17</line>
<function>!test_api.js!showRequestList</function>
<unmangled_function>showRequestList</unmangled_function>
<status>Unclassified</status>
<num>31</num>
<home>1/31test_api.js</home>
</error>
<error>
<checker>JSHINT.W033</checker>
<file>web_server/src/domain/test_api.js</file>
<line>24</line>
<function>!test_api.js!showPlate</function>
<unmangled_function>showPlate</unmangled_function>
<status>Unclassified</status>
<num>32</num>
<home>1/32test_api.js</home>
</error>
<error>
<checker>JSHINT.W033</checker>
<file>web_server/src/domain/test_api.js</file>
<line>31</line>
<function>!test_api.js!showAccessList</function>
<unmangled_function>showAccessList</unmangled_function>
<status>Unclassified</status>
<num>33</num>
<home>1/33test_api.js</home>
</error>
<error>
<checker>JSHINT.W033</checker>
<file>web_server/src/domain/test_api.js</file>
<line>59</line>
<function>!test_api.js!track</function>
<unmangled_function>track</unmangled_function>
<status>Unclassified</status>
<num>34</num>
<home>1/34test_api.js</home>
</error>
<error>
<checker>JSHINT.W033</checker>
<file>web_server/src/index.js</file>
<line>75</line>
<function>!index.js!%IPFE</function>
<unmangled_function>&lt;anonymous&gt;</unmangled_function>
<status>Unclassified</status>
<num>35</num>
<home>1/35index.js</home>
</error>
<error>
<checker>JSHINT.W033</checker>
<file>web_server/src/util/certificate.js</file>
<line>33</line>
<function>!certificate.js!check_certificate</function>
<unmangled_function>check_certificate</unmangled_function>
<status>Unclassified</status>
<num>36</num>
<home>1/36certificate.js</home>
</error>
<error>
<checker>JSHINT.W033</checker>
<file>web_server/src/util/crypto.js</file>
<line>41</line>
<function>!crypto.js!crypto_init</function>
<unmangled_function>crypto_init</unmangled_function>
<status>Unclassified</status>
<num>37</num>
<home>1/37crypto.js</home>
</error>
<error>
<checker>JSHINT.W033</checker>
<file>web_server/src/util/crypto.js</file>
<line>48</line>
<function>!crypto.js!hash</function>
<unmangled_function>hash</unmangled_function>
<status>Unclassified</status>
<num>38</num>
<home>1/38crypto.js</home>
</error>
<error>
<checker>JSHINT.W033</checker>
<file>web_server/src/util/crypto.js</file>
<line>58</line>
<function>!crypto.js!aesEncrypt</function>
<unmangled_function>aesEncrypt</unmangled_function>
<status>Unclassified</status>
<num>39</num>
<home>1/39crypto.js</home>
</error>
<error>
<checker>JSHINT.W033</checker>
<file>web_server/src/util/crypto.js</file>
<line>65</line>
<function>!crypto.js!aesDecrypt</function>
<unmangled_function>aesDecrypt</unmangled_function>
<status>Unclassified</status>
<num>40</num>
<home>1/40crypto.js</home>
</error>
<error>
<checker>JSHINT.W033</checker>
<file>web_server/src/util/db.js</file>
<line>19</line>
<function>!db.js!init_database</function>
<unmangled_function>init_database</unmangled_function>
<status>Unclassified</status>
<num>41</num>
<home>1/41db.js</home>
</error>
<error>
<checker>JSHINT.W033</checker>
<file>web_server/src/util/utils.js</file>
<line>12</line>
<function>!utils.js!%SCRIPT</function>
<unmangled_function>&lt;script&gt;</unmangled_function>
<status>Unclassified</status>
<num>42</num>
<home>1/42utils.js</home>
</error>
<error>
<checker>JSHINT.W033</checker>
<file>web_server/src/util/utils.js</file>
<line>18</line>
<function>!utils.js!%SCRIPT</function>
<unmangled_function>&lt;script&gt;</unmangled_function>
<status>Unclassified</status>
<num>43</num>
<home>1/43utils.js</home>
</error>
<error>
<checker>JSHINT.W033</checker>
<file>web_server/src/util/utils.js</file>
<line>24</line>
<function>!utils.js!%SCRIPT</function>
<unmangled_function>&lt;script&gt;</unmangled_function>
<status>Unclassified</status>
<num>44</num>
<home>1/44utils.js</home>
</error>
<error>
<checker>JSHINT.W033</checker>
<file>web_server/src/util/utils.js</file>
<line>30</line>
<function>!utils.js!%SCRIPT</function>
<unmangled_function>&lt;script&gt;</unmangled_function>
<status>Unclassified</status>
<num>45</num>
<home>1/45utils.js</home>
</error>
<error>
<checker>JSHINT.W033</checker>
<file>web_server/src/util/utils.js</file>
<line>42</line>
<function>!utils.js!sendMail</function>
<unmangled_function>sendMail</unmangled_function>
<status>Unclassified</status>
<num>46</num>
<home>1/46utils.js</home>
</error>
<error>
<checker>JSHINT.W033</checker>
<file>web_server/src/util/utils.js</file>
<line>49</line>
<function>!utils.js!sendMail</function>
<unmangled_function>sendMail</unmangled_function>
<status>Unclassified</status>
<num>47</num>
<home>1/47utils.js</home>
</error>
<error>
<checker>JSHINT.W033</checker>
<file>web_server/src/util/utils.js</file>
<line>78</line>
<function>!utils.js!sendMail</function>
<unmangled_function>sendMail</unmangled_function>
<status>Unclassified</status>
<num>48</num>
<home>1/48utils.js</home>
</error>
<error>
<checker>JSHINT.W033</checker>
<file>web_server/src/util/utils.js</file>
<line>79</line>
<function>!utils.js!sendMail</function>
<unmangled_function>sendMail</unmangled_function>
<status>Unclassified</status>
<num>49</num>
<home>1/49utils.js</home>
</error>
<error>
<checker>JSHINT.W033</checker>
<file>web_server/src/util/utils.js</file>
<line>88</line>
<function>!utils.js!sendMail</function>
<unmangled_function>sendMail</unmangled_function>
<status>Unclassified</status>
<num>50</num>
<home>1/50utils.js</home>
</error>
<error>
<checker>JSHINT.W033</checker>
<file>web_server/src/util/utils.js</file>
<line>119</line>
<function>!utils.js!findPlate</function>
<unmangled_function>findPlate</unmangled_function>
<status>Unclassified</status>
<num>51</num>
<home>1/51utils.js</home>
</error>
<error>
<checker>JSHINT.W033</checker>
<file>web_server/src/util/utils.js</file>
<line>125</line>
<function>!utils.js!%SCRIPT</function>
<unmangled_function>&lt;script&gt;</unmangled_function>
<status>Unclassified</status>
<num>52</num>
<home>1/52utils.js</home>
</error>
<error>
<checker>JSHINT.W038</checker>
<file>web_server/src/domain/test_api.js</file>
<line>43</line>
<function>!test_api.js!track</function>
<unmangled_function>track</unmangled_function>
<status>Unclassified</status>
<num>53</num>
<home>1/53test_api.js</home>
</error>
<error>
<checker>JSHINT.W104</checker>
<file>web_server/src/config.js</file>
<line>2</line>
<function>!config.js!%SCRIPT</function>
<unmangled_function>&lt;script&gt;</unmangled_function>
<status>Unclassified</status>
<num>54</num>
<home>1/54config.js</home>
</error>
<error>
<checker>JSHINT.W104</checker>
<file>web_server/src/config.js</file>
<line>3</line>
<function>!config.js!%SCRIPT</function>
<unmangled_function>&lt;script&gt;</unmangled_function>
<status>Unclassified</status>
<num>55</num>
<home>1/55config.js</home>
</error>
<error>
<checker>JSHINT.W104</checker>
<file>web_server/src/domain/action.js</file>
<line>1</line>
<function>!action.js!%SCRIPT</function>
<unmangled_function>&lt;script&gt;</unmangled_function>
<status>Unclassified</status>
<num>56</num>
<home>1/56action.js</home>
</error>
<error>
<checker>JSHINT.W104</checker>
<file>web_server/src/domain/action.js</file>
<line>2</line>
<function>!action.js!%SCRIPT</function>
<unmangled_function>&lt;script&gt;</unmangled_function>
<status>Unclassified</status>
<num>57</num>
<home>1/57action.js</home>
</error>
<error>
<checker>JSHINT.W104</checker>
<file>web_server/src/domain/action.js</file>
<line>2</line>
<function>!action.js!%SCRIPT</function>
<unmangled_function>&lt;script&gt;</unmangled_function>
<status>Unclassified</status>
<num>58</num>
<home>1/58action.js</home>
</error>
<error>
<checker>JSHINT.W104</checker>
<file>web_server/src/domain/action.js</file>
<line>3</line>
<function>!action.js!%SCRIPT</function>
<unmangled_function>&lt;script&gt;</unmangled_function>
<status>Unclassified</status>
<num>59</num>
<home>1/59action.js</home>
</error>
<error>
<checker>JSHINT.W104</checker>
<file>web_server/src/domain/action.js</file>
<line>4</line>
<function>!action.js!%SCRIPT</function>
<unmangled_function>&lt;script&gt;</unmangled_function>
<status>Unclassified</status>
<num>60</num>
<home>1/60action.js</home>
</error>
<error>
<checker>JSHINT.W104</checker>
<file>web_server/src/domain/action.js</file>
<line>7</line>
<function>!action.js!index</function>
<unmangled_function>index</unmangled_function>
<status>Unclassified</status>
<num>61</num>
<home>1/61action.js</home>
</error>
<error>
<checker>JSHINT.W104</checker>
<file>web_server/src/domain/action.js</file>
<line>12</line>
<function>!action.js!index</function>
<unmangled_function>index</unmangled_function>
<status>Unclassified</status>
<num>62</num>
<home>1/62action.js</home>
</error>
<error>
<checker>JSHINT.W104</checker>
<file>web_server/src/domain/action.js</file>
<line>13</line>
<function>!action.js!index</function>
<unmangled_function>index</unmangled_function>
<status>Unclassified</status>
<num>63</num>
<home>1/63action.js</home>
</error>
<error>
<checker>JSHINT.W104</checker>
<file>web_server/src/domain/action.js</file>
<line>13</line>
<function>!action.js!index</function>
<unmangled_function>index</unmangled_function>
<status>Unclassified</status>
<num>64</num>
<home>1/64action.js</home>
</error>
<error>
<checker>JSHINT.W104</checker>
<file>web_server/src/domain/action.js</file>
<line>18</line>
<function>!action.js!index</function>
<unmangled_function>index</unmangled_function>
<status>Unclassified</status>
<num>65</num>
<home>1/65action.js</home>
</error>
<error>
<checker>JSHINT.W104</checker>
<file>web_server/src/domain/action.js</file>
<line>21</line>
<function>!action.js!index</function>
<unmangled_function>index</unmangled_function>
<status>Unclassified</status>
<num>66</num>
<home>1/66action.js</home>
</error>
<error>
<checker>JSHINT.W104</checker>
<file>web_server/src/domain/action.js</file>
<line>24</line>
<function>!action.js!index</function>
<unmangled_function>index</unmangled_function>
<status>Unclassified</status>
<num>67</num>
<home>1/67action.js</home>
</error>
<error>
<checker>JSHINT.W104</checker>
<file>web_server/src/domain/action.js</file>
<line>42</line>
<function>!action.js!login</function>
<unmangled_function>login</unmangled_function>
<status>Unclassified</status>
<num>68</num>
<home>1/68action.js</home>
</error>
<error>
<checker>JSHINT.W104</checker>
<file>web_server/src/domain/action.js</file>
<line>44</line>
<function>!action.js!login</function>
<unmangled_function>login</unmangled_function>
<status>Unclassified</status>
<num>69</num>
<home>1/69action.js</home>
</error>
<error>
<checker>JSHINT.W104</checker>
<file>web_server/src/domain/action.js</file>
<line>51</line>
<function>!action.js!login</function>
<unmangled_function>login</unmangled_function>
<status>Unclassified</status>
<num>70</num>
<home>1/70action.js</home>
</error>
<error>
<checker>JSHINT.W104</checker>
<file>web_server/src/domain/action.js</file>
<line>51</line>
<function>!action.js!login</function>
<unmangled_function>login</unmangled_function>
<status>Unclassified</status>
<num>71</num>
<home>1/71action.js</home>
</error>
<error>
<checker>JSHINT.W104</checker>
<file>web_server/src/domain/action.js</file>
<line>52</line>
<function>!action.js!login</function>
<unmangled_function>login</unmangled_function>
<status>Unclassified</status>
<num>72</num>
<home>1/72action.js</home>
</error>
<error>
<checker>JSHINT.W104</checker>
<file>web_server/src/domain/action.js</file>
<line>54</line>
<function>!action.js!login</function>
<unmangled_function>login</unmangled_function>
<status>Unclassified</status>
<num>73</num>
<home>1/73action.js</home>
</error>
<error>
<checker>JSHINT.W104</checker>
<file>web_server/src/domain/action.js</file>
<line>77</line>
<function>!action.js!logout</function>
<unmangled_function>logout</unmangled_function>
<status>Unclassified</status>
<num>74</num>
<home>1/74action.js</home>
</error>
<error>
<checker>JSHINT.W104</checker>
<file>web_server/src/domain/action.js</file>
<line>93</line>
<function>!action.js!verify</function>
<unmangled_function>verify</unmangled_function>
<status>Unclassified</status>
<num>75</num>
<home>1/75action.js</home>
</error>
<error>
<checker>JSHINT.W104</checker>
<file>web_server/src/domain/action.js</file>
<line>97</line>
<function>!action.js!verify</function>
<unmangled_function>verify</unmangled_function>
<status>Unclassified</status>
<num>76</num>
<home>1/76action.js</home>
</error>
<error>
<checker>JSHINT.W104</checker>
<file>web_server/src/domain/action.js</file>
<line>97</line>
<function>!action.js!verify</function>
<unmangled_function>verify</unmangled_function>
<status>Unclassified</status>
<num>77</num>
<home>1/77action.js</home>
</error>
<error>
<checker>JSHINT.W104</checker>
<file>web_server/src/domain/action.js</file>
<line>105</line>
<function>!action.js!verify</function>
<unmangled_function>verify</unmangled_function>
<status>Unclassified</status>
<num>78</num>
<home>1/78action.js</home>
</error>
<error>
<checker>JSHINT.W104</checker>
<file>web_server/src/domain/action.js</file>
<line>142</line>
<function>!action.js!approve</function>
<unmangled_function>approve</unmangled_function>
<status>Unclassified</status>
<num>79</num>
<home>1/79action.js</home>
</error>
<error>
<checker>JSHINT.W104</checker>
<file>web_server/src/domain/action.js</file>
<line>146</line>
<function>!action.js!approve</function>
<unmangled_function>approve</unmangled_function>
<status>Unclassified</status>
<num>80</num>
<home>1/80action.js</home>
</error>
<error>
<checker>JSHINT.W104</checker>
<file>web_server/src/domain/action.js</file>
<line>146</line>
<function>!action.js!approve</function>
<unmangled_function>approve</unmangled_function>
<status>Unclassified</status>
<num>81</num>
<home>1/81action.js</home>
</error>
<error>
<checker>JSHINT.W104</checker>
<file>web_server/src/domain/api.js</file>
<line>1</line>
<function>!api.js!%SCRIPT</function>
<unmangled_function>&lt;script&gt;</unmangled_function>
<status>Unclassified</status>
<num>82</num>
<home>1/82api.js</home>
</error>
<error>
<checker>JSHINT.W104</checker>
<file>web_server/src/domain/api.js</file>
<line>2</line>
<function>!api.js!%SCRIPT</function>
<unmangled_function>&lt;script&gt;</unmangled_function>
<status>Unclassified</status>
<num>83</num>
<home>1/83api.js</home>
</error>
<error>
<checker>JSHINT.W104</checker>
<file>web_server/src/domain/api.js</file>
<line>2</line>
<function>!api.js!%SCRIPT</function>
<unmangled_function>&lt;script&gt;</unmangled_function>
<status>Unclassified</status>
<num>84</num>
<home>1/84api.js</home>
</error>
<error>
<checker>JSHINT.W104</checker>
<file>web_server/src/domain/api.js</file>
<line>3</line>
<function>!api.js!%SCRIPT</function>
<unmangled_function>&lt;script&gt;</unmangled_function>
<status>Unclassified</status>
<num>85</num>
<home>1/85api.js</home>
</error>
<error>
<checker>JSHINT.W104</checker>
<file>web_server/src/domain/api.js</file>
<line>4</line>
<function>!api.js!%SCRIPT</function>
<unmangled_function>&lt;script&gt;</unmangled_function>
<status>Unclassified</status>
<num>86</num>
<home>1/86api.js</home>
</error>
<error>
<checker>JSHINT.W104</checker>
<file>web_server/src/domain/api.js</file>
<line>42</line>
<function>!api.js!verify</function>
<unmangled_function>verify</unmangled_function>
<status>Unclassified</status>
<num>87</num>
<home>1/87api.js</home>
</error>
<error>
<checker>JSHINT.W104</checker>
<file>web_server/src/domain/api.js</file>
<line>43</line>
<function>!api.js!verify</function>
<unmangled_function>verify</unmangled_function>
<status>Unclassified</status>
<num>88</num>
<home>1/88api.js</home>
</error>
<error>
<checker>JSHINT.W104</checker>
<file>web_server/src/domain/api.js</file>
<line>45</line>
<function>!api.js!verify</function>
<unmangled_function>verify</unmangled_function>
<status>Unclassified</status>
<num>89</num>
<home>1/89api.js</home>
</error>
<error>
<checker>JSHINT.W104</checker>
<file>web_server/src/domain/api.js</file>
<line>85</line>
<function>!api.js!verify</function>
<unmangled_function>verify</unmangled_function>
<status>Unclassified</status>
<num>90</num>
<home>1/90api.js</home>
</error>
<error>
<checker>JSHINT.W104</checker>
<file>web_server/src/domain/api.js</file>
<line>107</line>
<function>!api.js!login</function>
<unmangled_function>login</unmangled_function>
<status>Unclassified</status>
<num>91</num>
<home>1/91api.js</home>
</error>
<error>
<checker>JSHINT.W104</checker>
<file>web_server/src/domain/api.js</file>
<line>107</line>
<function>!api.js!login</function>
<unmangled_function>login</unmangled_function>
<status>Unclassified</status>
<num>92</num>
<home>1/92api.js</home>
</error>
<error>
<checker>JSHINT.W104</checker>
<file>web_server/src/domain/api.js</file>
<line>110</line>
<function>!api.js!login</function>
<unmangled_function>login</unmangled_function>
<status>Unclassified</status>
<num>93</num>
<home>1/93api.js</home>
</error>
<error>
<checker>JSHINT.W104</checker>
<file>web_server/src/domain/api.js</file>
<line>111</line>
<function>!api.js!login</function>
<unmangled_function>login</unmangled_function>
<status>Unclassified</status>
<num>94</num>
<home>1/94api.js</home>
</error>
<error>
<checker>JSHINT.W104</checker>
<file>web_server/src/domain/api.js</file>
<line>135</line>
<function>!api.js!query</function>
<unmangled_function>query</unmangled_function>
<status>Unclassified</status>
<num>95</num>
<home>1/95api.js</home>
</error>
<error>
<checker>JSHINT.W104</checker>
<file>web_server/src/domain/api.js</file>
<line>136</line>
<function>!api.js!query</function>
<unmangled_function>query</unmangled_function>
<status>Unclassified</status>
<num>96</num>
<home>1/96api.js</home>
</error>
<error>
<checker>JSHINT.W104</checker>
<file>web_server/src/domain/api.js</file>
<line>137</line>
<function>!api.js!query</function>
<unmangled_function>query</unmangled_function>
<status>Unclassified</status>
<num>97</num>
<home>1/97api.js</home>
</error>
<error>
<checker>JSHINT.W104</checker>
<file>web_server/src/domain/api.js</file>
<line>138</line>
<function>!api.js!query</function>
<unmangled_function>query</unmangled_function>
<status>Unclassified</status>
<num>98</num>
<home>1/98api.js</home>
</error>
<error>
<checker>JSHINT.W104</checker>
<file>web_server/src/domain/api.js</file>
<line>160</line>
<function>!api.js!send_email</function>
<unmangled_function>send_email</unmangled_function>
<status>Unclassified</status>
<num>99</num>
<home>1/99api.js</home>
</error>
<error>
<checker>JSHINT.W104</checker>
<file>web_server/src/domain/api.js</file>
<line>163</line>
<function>!api.js!send_email</function>
<unmangled_function>send_email</unmangled_function>
<status>Unclassified</status>
<num>100</num>
<home>1/100api.js</home>
</error>
<error>
<checker>JSHINT.W104</checker>
<file>web_server/src/domain/api.js</file>
<line>164</line>
<function>!api.js!send_email</function>
<unmangled_function>send_email</unmangled_function>
<status>Unclassified</status>
<num>101</num>
<home>1/101api.js</home>
</error>
<error>
<checker>JSHINT.W104</checker>
<file>web_server/src/domain/api.js</file>
<line>195</line>
<function>!api.js!change_passwd</function>
<unmangled_function>change_passwd</unmangled_function>
<status>Unclassified</status>
<num>102</num>
<home>1/102api.js</home>
</error>
<error>
<checker>JSHINT.W104</checker>
<file>web_server/src/domain/api.js</file>
<line>198</line>
<function>!api.js!change_passwd</function>
<unmangled_function>change_passwd</unmangled_function>
<status>Unclassified</status>
<num>103</num>
<home>1/103api.js</home>
</error>
<error>
<checker>JSHINT.W104</checker>
<file>web_server/src/domain/test_api.js</file>
<line>1</line>
<function>!test_api.js!%SCRIPT</function>
<unmangled_function>&lt;script&gt;</unmangled_function>
<status>Unclassified</status>
<num>104</num>
<home>1/104test_api.js</home>
</error>
<error>
<checker>JSHINT.W104</checker>
<file>web_server/src/domain/test_api.js</file>
<line>3</line>
<function>!test_api.js!%SCRIPT</function>
<unmangled_function>&lt;script&gt;</unmangled_function>
<status>Unclassified</status>
<num>105</num>
<home>1/105test_api.js</home>
</error>
<error>
<checker>JSHINT.W104</checker>
<file>web_server/src/domain/test_api.js</file>
<line>3</line>
<function>!test_api.js!%SCRIPT</function>
<unmangled_function>&lt;script&gt;</unmangled_function>
<status>Unclassified</status>
<num>106</num>
<home>1/106test_api.js</home>
</error>
<error>
<checker>JSHINT.W104</checker>
<file>web_server/src/domain/test_api.js</file>
<line>5</line>
<function>!test_api.js!showUserInfo</function>
<unmangled_function>showUserInfo</unmangled_function>
<status>Unclassified</status>
<num>107</num>
<home>1/107test_api.js</home>
</error>
<error>
<checker>JSHINT.W104</checker>
<file>web_server/src/domain/test_api.js</file>
<line>6</line>
<function>!test_api.js!showUserInfo</function>
<unmangled_function>showUserInfo</unmangled_function>
<status>Unclassified</status>
<num>108</num>
<home>1/108test_api.js</home>
</error>
<error>
<checker>JSHINT.W104</checker>
<file>web_server/src/domain/test_api.js</file>
<line>6</line>
<function>!test_api.js!showUserInfo</function>
<unmangled_function>showUserInfo</unmangled_function>
<status>Unclassified</status>
<num>109</num>
<home>1/109test_api.js</home>
</error>
<error>
<checker>JSHINT.W104</checker>
<file>web_server/src/domain/test_api.js</file>
<line>12</line>
<function>!test_api.js!showRequestList</function>
<unmangled_function>showRequestList</unmangled_function>
<status>Unclassified</status>
<num>110</num>
<home>1/110test_api.js</home>
</error>
<error>
<checker>JSHINT.W104</checker>
<file>web_server/src/domain/test_api.js</file>
<line>13</line>
<function>!test_api.js!showRequestList</function>
<unmangled_function>showRequestList</unmangled_function>
<status>Unclassified</status>
<num>111</num>
<home>1/111test_api.js</home>
</error>
<error>
<checker>JSHINT.W104</checker>
<file>web_server/src/domain/test_api.js</file>
<line>13</line>
<function>!test_api.js!showRequestList</function>
<unmangled_function>showRequestList</unmangled_function>
<status>Unclassified</status>
<num>112</num>
<home>1/112test_api.js</home>
</error>
<error>
<checker>JSHINT.W104</checker>
<file>web_server/src/domain/test_api.js</file>
<line>19</line>
<function>!test_api.js!showPlate</function>
<unmangled_function>showPlate</unmangled_function>
<status>Unclassified</status>
<num>113</num>
<home>1/113test_api.js</home>
</error>
<error>
<checker>JSHINT.W104</checker>
<file>web_server/src/domain/test_api.js</file>
<line>20</line>
<function>!test_api.js!showPlate</function>
<unmangled_function>showPlate</unmangled_function>
<status>Unclassified</status>
<num>114</num>
<home>1/114test_api.js</home>
</error>
<error>
<checker>JSHINT.W104</checker>
<file>web_server/src/domain/test_api.js</file>
<line>20</line>
<function>!test_api.js!showPlate</function>
<unmangled_function>showPlate</unmangled_function>
<status>Unclassified</status>
<num>115</num>
<home>1/115test_api.js</home>
</error>
<error>
<checker>JSHINT.W104</checker>
<file>web_server/src/domain/test_api.js</file>
<line>26</line>
<function>!test_api.js!showAccessList</function>
<unmangled_function>showAccessList</unmangled_function>
<status>Unclassified</status>
<num>116</num>
<home>1/116test_api.js</home>
</error>
<error>
<checker>JSHINT.W104</checker>
<file>web_server/src/domain/test_api.js</file>
<line>27</line>
<function>!test_api.js!showAccessList</function>
<unmangled_function>showAccessList</unmangled_function>
<status>Unclassified</status>
<num>117</num>
<home>1/117test_api.js</home>
</error>
<error>
<checker>JSHINT.W104</checker>
<file>web_server/src/domain/test_api.js</file>
<line>27</line>
<function>!test_api.js!showAccessList</function>
<unmangled_function>showAccessList</unmangled_function>
<status>Unclassified</status>
<num>118</num>
<home>1/118test_api.js</home>
</error>
<error>
<checker>JSHINT.W104</checker>
<file>web_server/src/index.js</file>
<line>1</line>
<function>!index.js!%SCRIPT</function>
<unmangled_function>&lt;script&gt;</unmangled_function>
<status>Unclassified</status>
<num>119</num>
<home>1/119index.js</home>
</error>
<error>
<checker>JSHINT.W104</checker>
<file>web_server/src/index.js</file>
<line>2</line>
<function>!index.js!%SCRIPT</function>
<unmangled_function>&lt;script&gt;</unmangled_function>
<status>Unclassified</status>
<num>120</num>
<home>1/120index.js</home>
</error>
<error>
<checker>JSHINT.W104</checker>
<file>web_server/src/index.js</file>
<line>3</line>
<function>!index.js!%SCRIPT</function>
<unmangled_function>&lt;script&gt;</unmangled_function>
<status>Unclassified</status>
<num>121</num>
<home>1/121index.js</home>
</error>
<error>
<checker>JSHINT.W104</checker>
<file>web_server/src/index.js</file>
<line>4</line>
<function>!index.js!%SCRIPT</function>
<unmangled_function>&lt;script&gt;</unmangled_function>
<status>Unclassified</status>
<num>122</num>
<home>1/122index.js</home>
</error>
<error>
<checker>JSHINT.W104</checker>
<file>web_server/src/index.js</file>
<line>5</line>
<function>!index.js!%SCRIPT</function>
<unmangled_function>&lt;script&gt;</unmangled_function>
<status>Unclassified</status>
<num>123</num>
<home>1/123index.js</home>
</error>
<error>
<checker>JSHINT.W104</checker>
<file>web_server/src/index.js</file>
<line>6</line>
<function>!index.js!%SCRIPT</function>
<unmangled_function>&lt;script&gt;</unmangled_function>
<status>Unclassified</status>
<num>124</num>
<home>1/124index.js</home>
</error>
<error>
<checker>JSHINT.W104</checker>
<file>web_server/src/index.js</file>
<line>7</line>
<function>!index.js!%SCRIPT</function>
<unmangled_function>&lt;script&gt;</unmangled_function>
<status>Unclassified</status>
<num>125</num>
<home>1/125index.js</home>
</error>
<error>
<checker>JSHINT.W104</checker>
<file>web_server/src/index.js</file>
<line>8</line>
<function>!index.js!%SCRIPT</function>
<unmangled_function>&lt;script&gt;</unmangled_function>
<status>Unclassified</status>
<num>126</num>
<home>1/126index.js</home>
</error>
<error>
<checker>JSHINT.W104</checker>
<file>web_server/src/index.js</file>
<line>11</line>
<function>!index.js!%SCRIPT</function>
<unmangled_function>&lt;script&gt;</unmangled_function>
<status>Unclassified</status>
<num>127</num>
<home>1/127index.js</home>
</error>
<error>
<checker>JSHINT.W104</checker>
<file>web_server/src/index.js</file>
<line>12</line>
<function>!index.js!%SCRIPT</function>
<unmangled_function>&lt;script&gt;</unmangled_function>
<status>Unclassified</status>
<num>128</num>
<home>1/128index.js</home>
</error>
<error>
<checker>JSHINT.W104</checker>
<file>web_server/src/index.js</file>
<line>13</line>
<function>!index.js!%SCRIPT</function>
<unmangled_function>&lt;script&gt;</unmangled_function>
<status>Unclassified</status>
<num>129</num>
<home>1/129index.js</home>
</error>
<error>
<checker>JSHINT.W104</checker>
<file>web_server/src/index.js</file>
<line>14</line>
<function>!index.js!%SCRIPT</function>
<unmangled_function>&lt;script&gt;</unmangled_function>
<status>Unclassified</status>
<num>130</num>
<home>1/130index.js</home>
</error>
<error>
<checker>JSHINT.W104</checker>
<file>web_server/src/index.js</file>
<line>14</line>
<function>!index.js!%SCRIPT</function>
<unmangled_function>&lt;script&gt;</unmangled_function>
<status>Unclassified</status>
<num>131</num>
<home>1/131index.js</home>
</error>
<error>
<checker>JSHINT.W104</checker>
<file>web_server/src/index.js</file>
<line>15</line>
<function>!index.js!%SCRIPT</function>
<unmangled_function>&lt;script&gt;</unmangled_function>
<status>Unclassified</status>
<num>132</num>
<home>1/132index.js</home>
</error>
<error>
<checker>JSHINT.W104</checker>
<file>web_server/src/index.js</file>
<line>16</line>
<function>!index.js!%SCRIPT</function>
<unmangled_function>&lt;script&gt;</unmangled_function>
<status>Unclassified</status>
<num>133</num>
<home>1/133index.js</home>
</error>
<error>
<checker>JSHINT.W104</checker>
<file>web_server/src/index.js</file>
<line>18</line>
<function>!index.js!%SCRIPT</function>
<unmangled_function>&lt;script&gt;</unmangled_function>
<status>Unclassified</status>
<num>134</num>
<home>1/134index.js</home>
</error>
<error>
<checker>JSHINT.W104</checker>
<file>web_server/src/index.js</file>
<line>19</line>
<function>!index.js!%SCRIPT</function>
<unmangled_function>&lt;script&gt;</unmangled_function>
<status>Unclassified</status>
<num>135</num>
<home>1/135index.js</home>
</error>
<error>
<checker>JSHINT.W104</checker>
<file>web_server/src/index.js</file>
<line>20</line>
<function>!index.js!%SCRIPT</function>
<unmangled_function>&lt;script&gt;</unmangled_function>
<status>Unclassified</status>
<num>136</num>
<home>1/136index.js</home>
</error>
<error>
<checker>JSHINT.W104</checker>
<file>web_server/src/index.js</file>
<line>63</line>
<function>!index.js!%SCRIPT</function>
<unmangled_function>&lt;script&gt;</unmangled_function>
<status>Unclassified</status>
<num>137</num>
<home>1/137index.js</home>
</error>
<error>
<checker>JSHINT.W104</checker>
<file>web_server/src/index.js</file>
<line>74</line>
<function>!index.js!%IPFE</function>
<unmangled_function>&lt;anonymous&gt;</unmangled_function>
<status>Unclassified</status>
<num>138</num>
<home>1/138index.js</home>
</error>
<error>
<checker>JSHINT.W104</checker>
<file>web_server/src/loaddb.js</file>
<line>1</line>
<function>!loaddb.js!%SCRIPT</function>
<unmangled_function>&lt;script&gt;</unmangled_function>
<status>Unclassified</status>
<num>139</num>
<home>1/139loaddb.js</home>
</error>
<error>
<checker>JSHINT.W104</checker>
<file>web_server/src/loaddb.js</file>
<line>2</line>
<function>!loaddb.js!%SCRIPT</function>
<unmangled_function>&lt;script&gt;</unmangled_function>
<status>Unclassified</status>
<num>140</num>
<home>1/140loaddb.js</home>
</error>
<error>
<checker>JSHINT.W104</checker>
<file>web_server/src/loaddb.js</file>
<line>3</line>
<function>!loaddb.js!%SCRIPT</function>
<unmangled_function>&lt;script&gt;</unmangled_function>
<status>Unclassified</status>
<num>141</num>
<home>1/141loaddb.js</home>
</error>
<error>
<checker>JSHINT.W104</checker>
<file>web_server/src/loaddb.js</file>
<line>4</line>
<function>!loaddb.js!%SCRIPT</function>
<unmangled_function>&lt;script&gt;</unmangled_function>
<status>Unclassified</status>
<num>142</num>
<home>1/142loaddb.js</home>
</error>
<error>
<checker>JSHINT.W104</checker>
<file>web_server/src/loaddb.js</file>
<line>6</line>
<function>!loaddb.js!%SCRIPT</function>
<unmangled_function>&lt;script&gt;</unmangled_function>
<status>Unclassified</status>
<num>143</num>
<home>1/143loaddb.js</home>
</error>
<error>
<checker>JSHINT.W104</checker>
<file>web_server/src/loaddb.js</file>
<line>7</line>
<function>!loaddb.js!%SCRIPT</function>
<unmangled_function>&lt;script&gt;</unmangled_function>
<status>Unclassified</status>
<num>144</num>
<home>1/144loaddb.js</home>
</error>
<error>
<checker>JSHINT.W104</checker>
<file>web_server/src/loaddb.js</file>
<line>8</line>
<function>!loaddb.js!%SCRIPT</function>
<unmangled_function>&lt;script&gt;</unmangled_function>
<status>Unclassified</status>
<num>145</num>
<home>1/145loaddb.js</home>
</error>
<error>
<checker>JSHINT.W104</checker>
<file>web_server/src/loaddb.js</file>
<line>14</line>
<function>!loaddb.js!%SCRIPT</function>
<unmangled_function>&lt;script&gt;</unmangled_function>
<status>Unclassified</status>
<num>146</num>
<home>1/146loaddb.js</home>
</error>
<error>
<checker>JSHINT.W104</checker>
<file>web_server/src/loaddb.js</file>
<line>17</line>
<function>!loaddb.js!%SCRIPT</function>
<unmangled_function>&lt;script&gt;</unmangled_function>
<status>Unclassified</status>
<num>147</num>
<home>1/147loaddb.js</home>
</error>
<error>
<checker>JSHINT.W104</checker>
<file>web_server/src/util/certificate.js</file>
<line>1</line>
<function>!certificate.js!%SCRIPT</function>
<unmangled_function>&lt;script&gt;</unmangled_function>
<status>Unclassified</status>
<num>148</num>
<home>1/148certificate.js</home>
</error>
<error>
<checker>JSHINT.W104</checker>
<file>web_server/src/util/certificate.js</file>
<line>10</line>
<function>!certificate.js!check_certificate</function>
<unmangled_function>check_certificate</unmangled_function>
<status>Unclassified</status>
<num>149</num>
<home>1/149certificate.js</home>
</error>
<error>
<checker>JSHINT.W104</checker>
<file>web_server/src/util/crypto.js</file>
<line>1</line>
<function>!crypto.js!%SCRIPT</function>
<unmangled_function>&lt;script&gt;</unmangled_function>
<status>Unclassified</status>
<num>150</num>
<home>1/150crypto.js</home>
</error>
<error>
<checker>JSHINT.W104</checker>
<file>web_server/src/util/crypto.js</file>
<line>2</line>
<function>!crypto.js!%SCRIPT</function>
<unmangled_function>&lt;script&gt;</unmangled_function>
<status>Unclassified</status>
<num>151</num>
<home>1/151crypto.js</home>
</error>
<error>
<checker>JSHINT.W104</checker>
<file>web_server/src/util/crypto.js</file>
<line>3</line>
<function>!crypto.js!%SCRIPT</function>
<unmangled_function>&lt;script&gt;</unmangled_function>
<status>Unclassified</status>
<num>152</num>
<home>1/152crypto.js</home>
</error>
<error>
<checker>JSHINT.W104</checker>
<file>web_server/src/util/crypto.js</file>
<line>4</line>
<function>!crypto.js!%SCRIPT</function>
<unmangled_function>&lt;script&gt;</unmangled_function>
<status>Unclassified</status>
<num>153</num>
<home>1/153crypto.js</home>
</error>
<error>
<checker>JSHINT.W104</checker>
<file>web_server/src/util/crypto.js</file>
<line>5</line>
<function>!crypto.js!%SCRIPT</function>
<unmangled_function>&lt;script&gt;</unmangled_function>
<status>Unclassified</status>
<num>154</num>
<home>1/154crypto.js</home>
</error>
<error>
<checker>JSHINT.W104</checker>
<file>web_server/src/util/crypto.js</file>
<line>7</line>
<function>!crypto.js!%SCRIPT</function>
<unmangled_function>&lt;script&gt;</unmangled_function>
<status>Unclassified</status>
<num>155</num>
<home>1/155crypto.js</home>
</error>
<error>
<checker>JSHINT.W104</checker>
<file>web_server/src/util/crypto.js</file>
<line>8</line>
<function>!crypto.js!%SCRIPT</function>
<unmangled_function>&lt;script&gt;</unmangled_function>
<status>Unclassified</status>
<num>156</num>
<home>1/156crypto.js</home>
</error>
<error>
<checker>JSHINT.W104</checker>
<file>web_server/src/util/crypto.js</file>
<line>9</line>
<function>!crypto.js!%SCRIPT</function>
<unmangled_function>&lt;script&gt;</unmangled_function>
<status>Unclassified</status>
<num>157</num>
<home>1/157crypto.js</home>
</error>
<error>
<checker>JSHINT.W104</checker>
<file>web_server/src/util/crypto.js</file>
<line>11</line>
<function>!crypto.js!crypto_init</function>
<unmangled_function>crypto_init</unmangled_function>
<status>Unclassified</status>
<num>158</num>
<home>1/158crypto.js</home>
</error>
<error>
<checker>JSHINT.W104</checker>
<file>web_server/src/util/crypto.js</file>
<line>13</line>
<function>!crypto.js!crypto_init</function>
<unmangled_function>crypto_init</unmangled_function>
<status>Unclassified</status>
<num>159</num>
<home>1/159crypto.js</home>
</error>
<error>
<checker>JSHINT.W104</checker>
<file>web_server/src/util/crypto.js</file>
<line>17</line>
<function>!crypto.js!crypto_init</function>
<unmangled_function>crypto_init</unmangled_function>
<status>Unclassified</status>
<num>160</num>
<home>1/160crypto.js</home>
</error>
<error>
<checker>JSHINT.W104</checker>
<file>web_server/src/util/crypto.js</file>
<line>18</line>
<function>!crypto.js!crypto_init</function>
<unmangled_function>crypto_init</unmangled_function>
<status>Unclassified</status>
<num>161</num>
<home>1/161crypto.js</home>
</error>
<error>
<checker>JSHINT.W104</checker>
<file>web_server/src/util/crypto.js</file>
<line>27</line>
<function>!crypto.js!crypto_init</function>
<unmangled_function>crypto_init</unmangled_function>
<status>Unclassified</status>
<num>162</num>
<home>1/162crypto.js</home>
</error>
<error>
<checker>JSHINT.W104</checker>
<file>web_server/src/util/crypto.js</file>
<line>45</line>
<function>!crypto.js!hash</function>
<unmangled_function>hash</unmangled_function>
<status>Unclassified</status>
<num>163</num>
<home>1/163crypto.js</home>
</error>
<error>
<checker>JSHINT.W104</checker>
<file>web_server/src/util/crypto.js</file>
<line>50</line>
<function>!crypto.js!gen_iv</function>
<unmangled_function>gen_iv</unmangled_function>
<status>Unclassified</status>
<num>164</num>
<home>1/164crypto.js</home>
</error>
<error>
<checker>JSHINT.W104</checker>
<file>web_server/src/util/crypto.js</file>
<line>52</line>
<function>!crypto.js!aesEncrypt</function>
<unmangled_function>aesEncrypt</unmangled_function>
<status>Unclassified</status>
<num>165</num>
<home>1/165crypto.js</home>
</error>
<error>
<checker>JSHINT.W104</checker>
<file>web_server/src/util/crypto.js</file>
<line>54</line>
<function>!crypto.js!aesEncrypt</function>
<unmangled_function>aesEncrypt</unmangled_function>
<status>Unclassified</status>
<num>166</num>
<home>1/166crypto.js</home>
</error>
<error>
<checker>JSHINT.W104</checker>
<file>web_server/src/util/crypto.js</file>
<line>55</line>
<function>!crypto.js!aesEncrypt</function>
<unmangled_function>aesEncrypt</unmangled_function>
<status>Unclassified</status>
<num>167</num>
<home>1/167crypto.js</home>
</error>
<error>
<checker>JSHINT.W104</checker>
<file>web_server/src/util/crypto.js</file>
<line>60</line>
<function>!crypto.js!aesDecrypt</function>
<unmangled_function>aesDecrypt</unmangled_function>
<status>Unclassified</status>
<num>168</num>
<home>1/168crypto.js</home>
</error>
<error>
<checker>JSHINT.W104</checker>
<file>web_server/src/util/crypto.js</file>
<line>62</line>
<function>!crypto.js!aesDecrypt</function>
<unmangled_function>aesDecrypt</unmangled_function>
<status>Unclassified</status>
<num>169</num>
<home>1/169crypto.js</home>
</error>
<error>
<checker>JSHINT.W104</checker>
<file>web_server/src/util/crypto.js</file>
<line>63</line>
<function>!crypto.js!aesDecrypt</function>
<unmangled_function>aesDecrypt</unmangled_function>
<status>Unclassified</status>
<num>170</num>
<home>1/170crypto.js</home>
</error>
<error>
<checker>JSHINT.W104</checker>
<file>web_server/src/util/db.js</file>
<line>2</line>
<function>!db.js!%SCRIPT</function>
<unmangled_function>&lt;script&gt;</unmangled_function>
<status>Unclassified</status>
<num>171</num>
<home>1/171db.js</home>
</error>
<error>
<checker>JSHINT.W104</checker>
<file>web_server/src/util/db.js</file>
<line>3</line>
<function>!db.js!%SCRIPT</function>
<unmangled_function>&lt;script&gt;</unmangled_function>
<status>Unclassified</status>
<num>172</num>
<home>1/172db.js</home>
</error>
<error>
<checker>JSHINT.W104</checker>
<file>web_server/src/util/db.js</file>
<line>4</line>
<function>!db.js!%SCRIPT</function>
<unmangled_function>&lt;script&gt;</unmangled_function>
<status>Unclassified</status>
<num>173</num>
<home>1/173db.js</home>
</error>
<error>
<checker>JSHINT.W104</checker>
<file>web_server/src/util/db.js</file>
<line>7</line>
<function>!db.js!%SCRIPT</function>
<unmangled_function>&lt;script&gt;</unmangled_function>
<status>Unclassified</status>
<num>174</num>
<home>1/174db.js</home>
</error>
<error>
<checker>JSHINT.W104</checker>
<file>web_server/src/util/db.js</file>
<line>8</line>
<function>!db.js!%SCRIPT</function>
<unmangled_function>&lt;script&gt;</unmangled_function>
<status>Unclassified</status>
<num>175</num>
<home>1/175db.js</home>
</error>
<error>
<checker>JSHINT.W104</checker>
<file>web_server/src/util/utils.js</file>
<line>1</line>
<function>!utils.js!%SCRIPT</function>
<unmangled_function>&lt;script&gt;</unmangled_function>
<status>Unclassified</status>
<num>176</num>
<home>1/176utils.js</home>
</error>
<error>
<checker>JSHINT.W104</checker>
<file>web_server/src/util/utils.js</file>
<line>2</line>
<function>!utils.js!%SCRIPT</function>
<unmangled_function>&lt;script&gt;</unmangled_function>
<status>Unclassified</status>
<num>177</num>
<home>1/177utils.js</home>
</error>
<error>
<checker>JSHINT.W104</checker>
<file>web_server/src/util/utils.js</file>
<line>3</line>
<function>!utils.js!%SCRIPT</function>
<unmangled_function>&lt;script&gt;</unmangled_function>
<status>Unclassified</status>
<num>178</num>
<home>1/178utils.js</home>
</error>
<error>
<checker>JSHINT.W104</checker>
<file>web_server/src/util/utils.js</file>
<line>5</line>
<function>!utils.js!%SCRIPT</function>
<unmangled_function>&lt;script&gt;</unmangled_function>
<status>Unclassified</status>
<num>179</num>
<home>1/179utils.js</home>
</error>
<error>
<checker>JSHINT.W104</checker>
<file>web_server/src/util/utils.js</file>
<line>5</line>
<function>!utils.js!%SCRIPT</function>
<unmangled_function>&lt;script&gt;</unmangled_function>
<status>Unclassified</status>
<num>180</num>
<home>1/180utils.js</home>
</error>
<error>
<checker>JSHINT.W104</checker>
<file>web_server/src/util/utils.js</file>
<line>6</line>
<function>!utils.js!%SCRIPT</function>
<unmangled_function>&lt;script&gt;</unmangled_function>
<status>Unclassified</status>
<num>181</num>
<home>1/181utils.js</home>
</error>
<error>
<checker>JSHINT.W104</checker>
<file>web_server/src/util/utils.js</file>
<line>8</line>
<function>!utils.js!%SCRIPT</function>
<unmangled_function>&lt;script&gt;</unmangled_function>
<status>Unclassified</status>
<num>182</num>
<home>1/182utils.js</home>
</error>
<error>
<checker>JSHINT.W104</checker>
<file>web_server/src/util/utils.js</file>
<line>14</line>
<function>!utils.js!%SCRIPT</function>
<unmangled_function>&lt;script&gt;</unmangled_function>
<status>Unclassified</status>
<num>183</num>
<home>1/183utils.js</home>
</error>
<error>
<checker>JSHINT.W104</checker>
<file>web_server/src/util/utils.js</file>
<line>20</line>
<function>!utils.js!%SCRIPT</function>
<unmangled_function>&lt;script&gt;</unmangled_function>
<status>Unclassified</status>
<num>184</num>
<home>1/184utils.js</home>
</error>
<error>
<checker>JSHINT.W104</checker>
<file>web_server/src/util/utils.js</file>
<line>26</line>
<function>!utils.js!%SCRIPT</function>
<unmangled_function>&lt;script&gt;</unmangled_function>
<status>Unclassified</status>
<num>185</num>
<home>1/185utils.js</home>
</error>
<error>
<checker>JSHINT.W104</checker>
<file>web_server/src/util/utils.js</file>
<line>33</line>
<function>!utils.js!sendMail</function>
<unmangled_function>sendMail</unmangled_function>
<status>Unclassified</status>
<num>186</num>
<home>1/186utils.js</home>
</error>
<error>
<checker>JSHINT.W104</checker>
<file>web_server/src/util/utils.js</file>
<line>34</line>
<function>!utils.js!sendMail</function>
<unmangled_function>sendMail</unmangled_function>
<status>Unclassified</status>
<num>187</num>
<home>1/187utils.js</home>
</error>
<error>
<checker>JSHINT.W104</checker>
<file>web_server/src/util/utils.js</file>
<line>44</line>
<function>!utils.js!sendMail</function>
<unmangled_function>sendMail</unmangled_function>
<status>Unclassified</status>
<num>188</num>
<home>1/188utils.js</home>
</error>
<error>
<checker>JSHINT.W104</checker>
<file>web_server/src/util/utils.js</file>
<line>50</line>
<function>!utils.js!sendMail</function>
<unmangled_function>sendMail</unmangled_function>
<status>Unclassified</status>
<num>189</num>
<home>1/189utils.js</home>
</error>
<error>
<checker>JSHINT.W104</checker>
<file>web_server/src/util/utils.js</file>
<line>91</line>
<function>!utils.js!findPlate</function>
<unmangled_function>findPlate</unmangled_function>
<status>Unclassified</status>
<num>190</num>
<home>1/190utils.js</home>
</error>
<error>
<checker>JSHINT.W119</checker>
<file>web_server/src/domain/action.js</file>
<line>54</line>
<function>!action.js!login</function>
<unmangled_function>login</unmangled_function>
<status>Unclassified</status>
<num>191</num>
<home>1/191action.js</home>
</error>
<error>
<checker>JSHINT.W119</checker>
<file>web_server/src/domain/action.js</file>
<line>57</line>
<function>!action.js!login</function>
<unmangled_function>login</unmangled_function>
<status>Unclassified</status>
<num>192</num>
<home>1/192action.js</home>
</error>
<error>
<checker>JSHINT.W119</checker>
<file>web_server/src/domain/action.js</file>
<line>100</line>
<function>!action.js!verify</function>
<unmangled_function>verify</unmangled_function>
<status>Unclassified</status>
<num>193</num>
<home>1/193action.js</home>
</error>
<error>
<checker>JSHINT.W119</checker>
<file>web_server/src/domain/action.js</file>
<line>105</line>
<function>!action.js!verify</function>
<unmangled_function>verify</unmangled_function>
<status>Unclassified</status>
<num>194</num>
<home>1/194action.js</home>
</error>
<error>
<checker>JSHINT.W119</checker>
<file>web_server/src/domain/action.js</file>
<line>118</line>
<function>!action.js!verify</function>
<unmangled_function>verify</unmangled_function>
<status>Unclassified</status>
<num>195</num>
<home>1/195action.js</home>
</error>
<error>
<checker>JSHINT.W119</checker>
<file>web_server/src/domain/action.js</file>
<line>123</line>
<function>!action.js!verify</function>
<unmangled_function>verify</unmangled_function>
<status>Unclassified</status>
<num>196</num>
<home>1/196action.js</home>
</error>
<error>
<checker>JSHINT.W119</checker>
<file>web_server/src/domain/action.js</file>
<line>131</line>
<function>!action.js!verify</function>
<unmangled_function>verify</unmangled_function>
<status>Unclassified</status>
<num>197</num>
<home>1/197action.js</home>
</error>
<error>
<checker>JSHINT.W119</checker>
<file>web_server/src/domain/action.js</file>
<line>135</line>
<function>!action.js!verify</function>
<unmangled_function>verify</unmangled_function>
<status>Unclassified</status>
<num>198</num>
<home>1/198action.js</home>
</error>
<error>
<checker>JSHINT.W119</checker>
<file>web_server/src/domain/action.js</file>
<line>147</line>
<function>!action.js!approve</function>
<unmangled_function>approve</unmangled_function>
<status>Unclassified</status>
<num>199</num>
<home>1/199action.js</home>
</error>
<error>
<checker>JSHINT.W119</checker>
<file>web_server/src/domain/api.js</file>
<line>13</line>
<function>!api.js!register</function>
<unmangled_function>register</unmangled_function>
<status>Unclassified</status>
<num>200</num>
<home>1/200api.js</home>
</error>
<error>
<checker>JSHINT.W119</checker>
<file>web_server/src/domain/api.js</file>
<line>17</line>
<function>!api.js!register</function>
<unmangled_function>register</unmangled_function>
<status>Unclassified</status>
<num>201</num>
<home>1/201api.js</home>
</error>
<error>
<checker>JSHINT.W119</checker>
<file>web_server/src/domain/api.js</file>
<line>27</line>
<function>!api.js!register</function>
<unmangled_function>register</unmangled_function>
<status>Unclassified</status>
<num>202</num>
<home>1/202api.js</home>
</error>
<error>
<checker>JSHINT.W119</checker>
<file>web_server/src/domain/api.js</file>
<line>31</line>
<function>!api.js!register</function>
<unmangled_function>register</unmangled_function>
<status>Unclassified</status>
<num>203</num>
<home>1/203api.js</home>
</error>
<error>
<checker>JSHINT.W119</checker>
<file>web_server/src/domain/api.js</file>
<line>45</line>
<function>!api.js!verify</function>
<unmangled_function>verify</unmangled_function>
<status>Unclassified</status>
<num>204</num>
<home>1/204api.js</home>
</error>
<error>
<checker>JSHINT.W119</checker>
<file>web_server/src/domain/api.js</file>
<line>48</line>
<function>!api.js!verify</function>
<unmangled_function>verify</unmangled_function>
<status>Unclassified</status>
<num>205</num>
<home>1/205api.js</home>
</error>
<error>
<checker>JSHINT.W119</checker>
<file>web_server/src/domain/api.js</file>
<line>51</line>
<function>!api.js!verify</function>
<unmangled_function>verify</unmangled_function>
<status>Unclassified</status>
<num>206</num>
<home>1/206api.js</home>
</error>
<error>
<checker>JSHINT.W119</checker>
<file>web_server/src/domain/api.js</file>
<line>52</line>
<function>!api.js!verify</function>
<unmangled_function>verify</unmangled_function>
<status>Unclassified</status>
<num>207</num>
<home>1/207api.js</home>
</error>
<error>
<checker>JSHINT.W119</checker>
<file>web_server/src/domain/api.js</file>
<line>55</line>
<function>!api.js!verify</function>
<unmangled_function>verify</unmangled_function>
<status>Unclassified</status>
<num>208</num>
<home>1/208api.js</home>
</error>
<error>
<checker>JSHINT.W119</checker>
<file>web_server/src/domain/api.js</file>
<line>59</line>
<function>!api.js!verify</function>
<unmangled_function>verify</unmangled_function>
<status>Unclassified</status>
<num>209</num>
<home>1/209api.js</home>
</error>
<error>
<checker>JSHINT.W119</checker>
<file>web_server/src/domain/api.js</file>
<line>64</line>
<function>!api.js!verify</function>
<unmangled_function>verify</unmangled_function>
<status>Unclassified</status>
<num>210</num>
<home>1/210api.js</home>
</error>
<error>
<checker>JSHINT.W119</checker>
<file>web_server/src/domain/api.js</file>
<line>65</line>
<function>!api.js!verify</function>
<unmangled_function>verify</unmangled_function>
<status>Unclassified</status>
<num>211</num>
<home>1/211api.js</home>
</error>
<error>
<checker>JSHINT.W119</checker>
<file>web_server/src/domain/api.js</file>
<line>69</line>
<function>!api.js!verify</function>
<unmangled_function>verify</unmangled_function>
<status>Unclassified</status>
<num>212</num>
<home>1/212api.js</home>
</error>
<error>
<checker>JSHINT.W119</checker>
<file>web_server/src/domain/api.js</file>
<line>70</line>
<function>!api.js!verify</function>
<unmangled_function>verify</unmangled_function>
<status>Unclassified</status>
<num>213</num>
<home>1/213api.js</home>
</error>
<error>
<checker>JSHINT.W119</checker>
<file>web_server/src/domain/api.js</file>
<line>76</line>
<function>!api.js!verify</function>
<unmangled_function>verify</unmangled_function>
<status>Unclassified</status>
<num>214</num>
<home>1/214api.js</home>
</error>
<error>
<checker>JSHINT.W119</checker>
<file>web_server/src/domain/api.js</file>
<line>81</line>
<function>!api.js!verify</function>
<unmangled_function>verify</unmangled_function>
<status>Unclassified</status>
<num>215</num>
<home>1/215api.js</home>
</error>
<error>
<checker>JSHINT.W119</checker>
<file>web_server/src/domain/api.js</file>
<line>86</line>
<function>!api.js!verify</function>
<unmangled_function>verify</unmangled_function>
<status>Unclassified</status>
<num>216</num>
<home>1/216api.js</home>
</error>
<error>
<checker>JSHINT.W119</checker>
<file>web_server/src/domain/api.js</file>
<line>89</line>
<function>!api.js!verify</function>
<unmangled_function>verify</unmangled_function>
<status>Unclassified</status>
<num>217</num>
<home>1/217api.js</home>
</error>
<error>
<checker>JSHINT.W119</checker>
<file>web_server/src/domain/api.js</file>
<line>94</line>
<function>!api.js!verify</function>
<unmangled_function>verify</unmangled_function>
<status>Unclassified</status>
<num>218</num>
<home>1/218api.js</home>
</error>
<error>
<checker>JSHINT.W119</checker>
<file>web_server/src/domain/api.js</file>
<line>103</line>
<function>!api.js!login</function>
<unmangled_function>login</unmangled_function>
<status>Unclassified</status>
<num>219</num>
<home>1/219api.js</home>
</error>
<error>
<checker>JSHINT.W119</checker>
<file>web_server/src/domain/api.js</file>
<line>111</line>
<function>!api.js!login</function>
<unmangled_function>login</unmangled_function>
<status>Unclassified</status>
<num>220</num>
<home>1/220api.js</home>
</error>
<error>
<checker>JSHINT.W119</checker>
<file>web_server/src/domain/api.js</file>
<line>114</line>
<function>!api.js!login</function>
<unmangled_function>login</unmangled_function>
<status>Unclassified</status>
<num>221</num>
<home>1/221api.js</home>
</error>
<error>
<checker>JSHINT.W119</checker>
<file>web_server/src/domain/api.js</file>
<line>117</line>
<function>!api.js!login</function>
<unmangled_function>login</unmangled_function>
<status>Unclassified</status>
<num>222</num>
<home>1/222api.js</home>
</error>
<error>
<checker>JSHINT.W119</checker>
<file>web_server/src/domain/api.js</file>
<line>128</line>
<function>!api.js!login</function>
<unmangled_function>login</unmangled_function>
<status>Unclassified</status>
<num>223</num>
<home>1/223api.js</home>
</error>
<error>
<checker>JSHINT.W119</checker>
<file>web_server/src/domain/api.js</file>
<line>141</line>
<function>!api.js!query</function>
<unmangled_function>query</unmangled_function>
<status>Unclassified</status>
<num>224</num>
<home>1/224api.js</home>
</error>
<error>
<checker>JSHINT.W119</checker>
<file>web_server/src/domain/api.js</file>
<line>146</line>
<function>!api.js!query</function>
<unmangled_function>query</unmangled_function>
<status>Unclassified</status>
<num>225</num>
<home>1/225api.js</home>
</error>
<error>
<checker>JSHINT.W119</checker>
<file>web_server/src/domain/api.js</file>
<line>170</line>
<function>!api.js!send_email</function>
<unmangled_function>send_email</unmangled_function>
<status>Unclassified</status>
<num>226</num>
<home>1/226api.js</home>
</error>
<error>
<checker>JSHINT.W119</checker>
<file>web_server/src/domain/api.js</file>
<line>188</line>
<function>!api.js!reset</function>
<unmangled_function>reset</unmangled_function>
<status>Unclassified</status>
<num>227</num>
<home>1/227api.js</home>
</error>
<error>
<checker>JSHINT.W119</checker>
<file>web_server/src/domain/api.js</file>
<line>199</line>
<function>!api.js!change_passwd</function>
<unmangled_function>change_passwd</unmangled_function>
<status>Unclassified</status>
<num>228</num>
<home>1/228api.js</home>
</error>
<error>
<checker>JSHINT.W119</checker>
<file>web_server/src/domain/api.js</file>
<line>200</line>
<function>!api.js!change_passwd</function>
<unmangled_function>change_passwd</unmangled_function>
<status>Unclassified</status>
<num>229</num>
<home>1/229api.js</home>
</error>
<error>
<checker>JSHINT.W119</checker>
<file>web_server/src/domain/api.js</file>
<line>204</line>
<function>!api.js!change_passwd</function>
<unmangled_function>change_passwd</unmangled_function>
<status>Unclassified</status>
<num>230</num>
<home>1/230api.js</home>
</error>
<error>
<checker>JSHINT.W119</checker>
<file>web_server/src/domain/api.js</file>
<line>219</line>
<function>!api.js!logout</function>
<unmangled_function>logout</unmangled_function>
<status>Unclassified</status>
<num>231</num>
<home>1/231api.js</home>
</error>
<error>
<checker>JSHINT.W119</checker>
<file>web_server/src/domain/test_api.js</file>
<line>54</line>
<function>!test_api.js!track</function>
<unmangled_function>track</unmangled_function>
<status>Unclassified</status>
<num>232</num>
<home>1/232test_api.js</home>
</error>
<error>
<checker>JSHINT.W119</checker>
<file>web_server/src/domain/test_api.js</file>
<line>57</line>
<function>!test_api.js!track</function>
<unmangled_function>track</unmangled_function>
<status>Unclassified</status>
<num>233</num>
<home>1/233test_api.js</home>
</error>
<error>
<checker>JSHINT.W119</checker>
<file>web_server/src/index.js</file>
<line>25</line>
<function>!index.js!%SCRIPT</function>
<unmangled_function>&lt;script&gt;</unmangled_function>
<status>Unclassified</status>
<num>234</num>
<home>1/234index.js</home>
</error>
<error>
<checker>JSHINT.W119</checker>
<file>web_server/src/index.js</file>
<line>74</line>
<function>!index.js!%IPFE</function>
<unmangled_function>&lt;anonymous&gt;</unmangled_function>
<status>Unclassified</status>
<num>235</num>
<home>1/235index.js</home>
</error>
<error>
<checker>JSHINT.W119</checker>
<file>web_server/src/index.js</file>
<line>75</line>
<function>!index.js!%IPFE</function>
<unmangled_function>&lt;anonymous&gt;</unmangled_function>
<status>Unclassified</status>
<num>236</num>
<home>1/236index.js</home>
</error>
<error>
<checker>JSHINT.W119</checker>
<file>web_server/src/index.js</file>
<line>78</line>
<function>!index.js!%IPFE%1</function>
<unmangled_function>&lt;anonymous&gt;</unmangled_function>
<status>Unclassified</status>
<num>237</num>
<home>1/237index.js</home>
</error>
<error>
<checker>JSHINT.W119</checker>
<file>web_server/src/index.js</file>
<line>79</line>
<function>!index.js!%IPFE%1</function>
<unmangled_function>&lt;anonymous&gt;</unmangled_function>
<status>Unclassified</status>
<num>238</num>
<home>1/238index.js</home>
</error>
<error>
<checker>JSHINT.W119</checker>
<file>web_server/src/index.js</file>
<line>80</line>
<function>!index.js!%IPFE%1:%IPFE</function>
<unmangled_function>&lt;anonymous&gt;</unmangled_function>
<status>Unclassified</status>
<num>239</num>
<home>1/239index.js</home>
</error>
<error>
<checker>JSHINT.W119</checker>
<file>web_server/src/loaddb.js</file>
<line>19</line>
<function>!loaddb.js!%IPFE</function>
<unmangled_function>&lt;anonymous&gt;</unmangled_function>
<status>Unclassified</status>
<num>240</num>
<home>1/240loaddb.js</home>
</error>
<error>
<checker>JSHINT.W119</checker>
<file>web_server/src/loaddb.js</file>
<line>23</line>
<function>!loaddb.js!%IPFE</function>
<unmangled_function>&lt;anonymous&gt;</unmangled_function>
<status>Unclassified</status>
<num>241</num>
<home>1/241loaddb.js</home>
</error>
<error>
<checker>JSHINT.W119</checker>
<file>web_server/src/util/certificate.js</file>
<line>21</line>
<function>!certificate.js!check_certificate</function>
<unmangled_function>check_certificate</unmangled_function>
<status>Unclassified</status>
<num>242</num>
<home>1/242certificate.js</home>
</error>
<error>
<checker>JSHINT.W119</checker>
<file>web_server/src/util/certificate.js</file>
<line>26</line>
<function>!certificate.js!check_certificate</function>
<unmangled_function>check_certificate</unmangled_function>
<status>Unclassified</status>
<num>243</num>
<home>1/243certificate.js</home>
</error>
<error>
<checker>JSHINT.W119</checker>
<file>web_server/src/util/certificate.js</file>
<line>27</line>
<function>!certificate.js!check_certificate</function>
<unmangled_function>check_certificate</unmangled_function>
<status>Unclassified</status>
<num>244</num>
<home>1/244certificate.js</home>
</error>
<error>
<checker>JSHINT.W119</checker>
<file>web_server/src/util/crypto.js</file>
<line>11</line>
<function>!crypto.js!crypto_init</function>
<unmangled_function>crypto_init</unmangled_function>
<status>Unclassified</status>
<num>245</num>
<home>1/245crypto.js</home>
</error>
<error>
<checker>JSHINT.W119</checker>
<file>web_server/src/util/crypto.js</file>
<line>45</line>
<function>!crypto.js!hash</function>
<unmangled_function>hash</unmangled_function>
<status>Unclassified</status>
<num>246</num>
<home>1/246crypto.js</home>
</error>
<error>
<checker>JSHINT.W119</checker>
<file>web_server/src/util/crypto.js</file>
<line>50</line>
<function>!crypto.js!gen_iv</function>
<unmangled_function>gen_iv</unmangled_function>
<status>Unclassified</status>
<num>247</num>
<home>1/247crypto.js</home>
</error>
<error>
<checker>JSHINT.W119</checker>
<file>web_server/src/util/crypto.js</file>
<line>52</line>
<function>!crypto.js!aesEncrypt</function>
<unmangled_function>aesEncrypt</unmangled_function>
<status>Unclassified</status>
<num>248</num>
<home>1/248crypto.js</home>
</error>
<error>
<checker>JSHINT.W119</checker>
<file>web_server/src/util/crypto.js</file>
<line>52</line>
<function>!crypto.js!aesEncrypt</function>
<unmangled_function>aesEncrypt</unmangled_function>
<status>Unclassified</status>
<num>249</num>
<home>1/249crypto.js</home>
</error>
<error>
<checker>JSHINT.W119</checker>
<file>web_server/src/util/crypto.js</file>
<line>60</line>
<function>!crypto.js!aesDecrypt</function>
<unmangled_function>aesDecrypt</unmangled_function>
<status>Unclassified</status>
<num>250</num>
<home>1/250crypto.js</home>
</error>
<error>
<checker>JSHINT.W119</checker>
<file>web_server/src/util/crypto.js</file>
<line>60</line>
<function>!crypto.js!aesDecrypt</function>
<unmangled_function>aesDecrypt</unmangled_function>
<status>Unclassified</status>
<num>251</num>
<home>1/251crypto.js</home>
</error>
<error>
<checker>JSHINT.W119</checker>
<file>web_server/src/util/db.js</file>
<line>6</line>
<function>!db.js!%SCRIPT</function>
<unmangled_function>&lt;script&gt;</unmangled_function>
<status>Unclassified</status>
<num>252</num>
<home>1/252db.js</home>
</error>
<error>
<checker>JSHINT.W119</checker>
<file>web_server/src/util/db.js</file>
<line>15</line>
<function>!db.js!init_database</function>
<unmangled_function>init_database</unmangled_function>
<status>Unclassified</status>
<num>253</num>
<home>1/253db.js</home>
</error>
<error>
<checker>JSHINT.W119</checker>
<file>web_server/src/util/utils.js</file>
<line>48</line>
<function>!utils.js!sendMail</function>
<unmangled_function>sendMail</unmangled_function>
<status>Unclassified</status>
<num>254</num>
<home>1/254utils.js</home>
</error>
<error>
<checker>JSHINT.W119</checker>
<file>web_server/src/util/utils.js</file>
<line>54</line>
<function>!utils.js!sendMail</function>
<unmangled_function>sendMail</unmangled_function>
<status>Unclassified</status>
<num>255</num>
<home>1/255utils.js</home>
</error>
<error>
<checker>JSHINT.W119</checker>
<file>web_server/src/util/utils.js</file>
<line>58</line>
<function>!utils.js!sendMail</function>
<unmangled_function>sendMail</unmangled_function>
<status>Unclassified</status>
<num>256</num>
<home>1/256utils.js</home>
</error>
<error>
<checker>JSHINT.W119</checker>
<file>web_server/src/util/utils.js</file>
<line>62</line>
<function>!utils.js!sendMail</function>
<unmangled_function>sendMail</unmangled_function>
<status>Unclassified</status>
<num>257</num>
<home>1/257utils.js</home>
</error>
<error>
<checker>JSHINT.W119</checker>
<file>web_server/src/util/utils.js</file>
<line>66</line>
<function>!utils.js!sendMail</function>
<unmangled_function>sendMail</unmangled_function>
<status>Unclassified</status>
<num>258</num>
<home>1/258utils.js</home>
</error>
<error>
<checker>JSHINT.W119</checker>
<file>web_server/src/util/utils.js</file>
<line>70</line>
<function>!utils.js!sendMail</function>
<unmangled_function>sendMail</unmangled_function>
<status>Unclassified</status>
<num>259</num>
<home>1/259utils.js</home>
</error>
<error>
<checker>JSHINT.W119</checker>
<file>web_server/src/util/utils.js</file>
<line>74</line>
<function>!utils.js!sendMail</function>
<unmangled_function>sendMail</unmangled_function>
<status>Unclassified</status>
<num>260</num>
<home>1/260utils.js</home>
</error>
<error>
<checker>JSHINT.W119</checker>
<file>web_server/src/util/utils.js</file>
<line>79</line>
<function>!utils.js!sendMail</function>
<unmangled_function>sendMail</unmangled_function>
<status>Unclassified</status>
<num>261</num>
<home>1/261utils.js</home>
</error>
<error>
<checker>JSHINT.W119</checker>
<file>web_server/src/util/utils.js</file>
<line>94</line>
<function>!utils.js!findPlate</function>
<unmangled_function>findPlate</unmangled_function>
<status>Unclassified</status>
<num>262</num>
<home>1/262utils.js</home>
</error>
<error>
<checker>SENSITIVE_DATA_LEAK</checker>
<file>web_server/src/util/crypto.js</file>
<line>28</line>
<function>!crypto.js!crypto_init</function>
<unmangled_function>crypto_init</unmangled_function>
<status>Unclassified</status>
<num>263</num>
<home>1/263crypto.js</home>
</error>
<error>
<checker>SIGMA.missing_samesite_attribute_session_cookie_express</checker>
<file>web_server/src/index.js</file>
<line>34</line>
<function>source_file</function>
<unmangled_function>source_file</unmangled_function>
<status>Unclassified</status>
<num>264</num>
<home>1/264index.js</home>
</error>
<error>
<checker>SIGMA.unsafe_session_storage_express_session</checker>
<file>web_server/src/index.js</file>
<line>31</line>
<function>source_file</function>
<unmangled_function>source_file</unmangled_function>
<status>Unclassified</status>
<num>265</num>
<home>1/265index.js</home>
</error>
<error>
<checker>SIGMA.verbose_server_banner_express</checker>
<file>web_server/src/index.js</file>
<line>18</line>
<function>source_file</function>
<unmangled_function>source_file</unmangled_function>
<status>Unclassified</status>
<num>266</num>
<home>1/266index.js</home>
</error>
</coverity>
