<?xml version="1.0" encoding="UTF-8"?>
<!DOCTYPE coverity SYSTEM "config.dtd">
<coverity>
<title>Coverity Errors</title>
<error>
<checker>BAD_CERT_VERIFICATION</checker>
<file>web_server/src/index.js</file>
<line>67</line>
<function>!index.js!%SCRIPT</function>
<unmangled_function>&lt;script&gt;</unmangled_function>
<status>Unclassified</status>
<num>1</num>
<home>1/1index.js</home>
</error>
<error>
<checker>EXPRESS_X_POWERED_BY_ENABLED</checker>
<file>web_server/src/index.js</file>
<line>18</line>
<function>!index.js!%SCRIPT</function>
<unmangled_function>&lt;script&gt;</unmangled_function>
<status>Unclassified</status>
<num>2</num>
<home>1/2index.js</home>
</error>
<error>
<checker>HARDCODED_CREDENTIALS</checker>
<file>web_server/src/index.js</file>
<line>31</line>
<function>!index.js!%SCRIPT</function>
<unmangled_function>&lt;script&gt;</unmangled_function>
<status>Unclassified</status>
<num>3</num>
<home>1/3index.js</home>
</error>
<error>
<checker>HARDCODED_CREDENTIALS</checker>
<file>web_server/src/util/crypto.js</file>
<line>47</line>
<function>!crypto.js!hash</function>
<unmangled_function>hash</unmangled_function>
<status>Unclassified</status>
<num>4</num>
<home>1/4crypto.js</home>
</error>
<error>
<checker>HARDCODED_CREDENTIALS</checker>
<file>web_server/src/util/crypto.js</file>
<line>62</line>
<function>!crypto.js!aesDecrypt</function>
<unmangled_function>aesDecrypt</unmangled_function>
<status>Unclassified</status>
<num>5</num>
<home>1/5crypto.js</home>
</error>
<error>
<checker>HARDCODED_CREDENTIALS</checker>
<file>web_server/src/util/crypto.js</file>
<line>54</line>
<function>!crypto.js!aesEncrypt</function>
<unmangled_function>aesEncrypt</unmangled_function>
<status>Unclassified</status>
<num>6</num>
<home>1/6crypto.js</home>
</error>
<error>
<checker>JSHINT.W004</checker>
<file>web_server/src/domain/test_api.js</file>
<line>41</line>
<function>!test_api.js!track</function>
<unmangled_function>track</unmangled_function>
<status>Unclassified</status>
<num>7</num>
<home>1/7test_api.js</home>
</error>
<error>
<checker>JSHINT.W004</checker>
<file>web_server/src/domain/test_api.js</file>
<line>47</line>
<function>!test_api.js!track</function>
<unmangled_function>track</unmangled_function>
<status>Unclassified</status>
<num>8</num>
<home>1/8test_api.js</home>
</error>
<error>
<checker>JSHINT.W004</checker>
<file>web_server/src/domain/test_api.js</file>
<line>49</line>
<function>!test_api.js!track</function>
<unmangled_function>track</unmangled_function>
<status>Unclassified</status>
<num>9</num>
<home>1/9test_api.js</home>
</error>
<error>
<checker>JSHINT.W010</checker>
<file>web_server/src/util/utils.js</file>
<line>92</line>
<function>!utils.js!findPlate</function>
<unmangled_function>findPlate</unmangled_function>
<status>Unclassified</status>
<num>10</num>
<home>1/10utils.js</home>
</error>
<error>
<checker>JSHINT.W014</checker>
<file>web_server/src/domain/api.js</file>
<line>9</line>
<function>!api.js!register</function>
<unmangled_function>register</unmangled_function>
<status>Unclassified</status>
<num>11</num>
<home>1/11api.js</home>
</error>
<error>
<checker>JSHINT.W014</checker>
<file>web_server/src/domain/api.js</file>
<line>10</line>
<function>!api.js!register</function>
<unmangled_function>register</unmangled_function>
<status>Unclassified</status>
<num>12</num>
<home>1/12api.js</home>
</error>
<error>
<checker>JSHINT.W014</checker>
<file>web_server/src/domain/api.js</file>
<line>11</line>
<function>!api.js!register</function>
<unmangled_function>register</unmangled_function>
<status>Unclassified</status>
<num>13</num>
<home>1/13api.js</home>
</error>
<error>
<checker>JSHINT.W014</checker>
<file>web_server/src/domain/api.js</file>
<line>12</line>
<function>!api.js!register</function>
<unmangled_function>register</unmangled_function>
<status>Unclassified</status>
<num>14</num>
<home>1/14api.js</home>
</error>
<error>
<checker>JSHINT.W014</checker>
<file>web_server/src/domain/api.js</file>
<line>181</line>
<function>!api.js!reset</function>
<unmangled_function>reset</unmangled_function>
<status>Unclassified</status>
<num>15</num>
<home>1/15api.js</home>
</error>
<error>
<checker>JSHINT.W033</checker>
<file>web_server/src/config.js</file>
<line>14</line>
<function>!config.js!%SCRIPT</function>
<unmangled_function>&lt;script&gt;</unmangled_function>
<status>Unclassified</status>
<num>16</num>
<home>1/16config.js</home>
</error>
<error>
<checker>JSHINT.W033</checker>
<file>web_server/src/domain/action.js</file>
<line>40</line>
<function>!action.js!index</function>
<unmangled_function>index</unmangled_function>
<status>Unclassified</status>
<num>17</num>
<home>1/17action.js</home>
</error>
<error>
<checker>JSHINT.W033</checker>
<file>web_server/src/domain/action.js</file>
<line>75</line>
<function>!action.js!login</function>
<unmangled_function>login</unmangled_function>
<status>Unclassified</status>
<num>18</num>
<home>1/18action.js</home>
</error>
<error>
<checker>JSHINT.W033</checker>
<file>web_server/src/domain/action.js</file>
<line>91</line>
<function>!action.js!logout</function>
<unmangled_function>logout</unmangled_function>
<status>Unclassified</status>
<num>19</num>
<home>1/19action.js</home>
</error>
<error>
<checker>JSHINT.W033</checker>
<file>web_server/src/domain/action.js</file>
<line>140</line>
<function>!action.js!verify</function>
<unmangled_function>verify</unmangled_function>
<status>Unclassified</status>
<num>20</num>
<home>1/20action.js</home>
</error>
<error>
<checker>JSHINT.W033</checker>
<file>web_server/src/domain/action.js</file>
<line>151</line>
<function>!action.js!approve</function>
<unmangled_function>approve</unmangled_function>
<status>Unclassified</status>
<num>21</num>
<home>1/21action.js</home>
</error>
<error>
<checker>JSHINT.W033</checker>
<file>web_server/src/domain/api.js</file>
<line>33</line>
<function>!api.js!register</function>
<unmangled_function>register</unmangled_function>
<status>Unclassified</status>
<num>22</num>
<home>1/22api.js</home>
</error>
<error>
<checker>JSHINT.W033</checker>
<file>web_server/src/domain/api.js</file>
<line>96</line>
<function>!api.js!verify</function>
<unmangled_function>verify</unmangled_function>
<status>Unclassified</status>
<num>23</num>
<home>1/23api.js</home>
</error>
<error>
<checker>JSHINT.W033</checker>
<file>web_server/src/domain/api.js</file>
<line>130</line>
<function>!api.js!login</function>
<unmangled_function>login</unmangled_function>
<status>Unclassified</status>
<num>24</num>
<home>1/24api.js</home>
</error>
<error>
<checker>JSHINT.W033</checker>
<file>web_server/src/domain/api.js</file>
<line>153</line>
<function>!api.js!query</function>
<unmangled_function>query</unmangled_function>
<status>Unclassified</status>
<num>25</num>
<home>1/25api.js</home>
</error>
<error>
<checker>JSHINT.W033</checker>
<file>web_server/src/domain/api.js</file>
<line>173</line>
<function>!api.js!send_email</function>
<unmangled_function>send_email</unmangled_function>
<status>Unclassified</status>
<num>26</num>
<home>1/26api.js</home>
</error>
<error>
<checker>JSHINT.W033</checker>
<file>web_server/src/domain/api.js</file>
<line>190</line>
<function>!api.js!reset</function>
<unmangled_function>reset</unmangled_function>
<status>Unclassified</status>
<num>27</num>
<home>1/27api.js</home>
</error>
<error>
<checker>JSHINT.W033</checker>
<file>web_server/src/domain/api.js</file>
<line>206</line>
<function>!api.js!change_passwd</function>
<unmangled_function>change_passwd</unmangled_function>
<status>Unclassified</status>
<num>28</num>
<home>1/28api.js</home>
</error>
<error>
<checker>JSHINT.W033</checker>
<file>web_server/src/domain/api.js</file>
<line>221</line>
<function>!api.js!logout</function>
<unmangled_function>logout</unmangled_function>
<status>Unclassified</status>
<num>29</num>
<home>1/29api.js</home>
</error>
<error>
<checker>JSHINT.W033</checker>
<file>web_server/src/domain/test_api.js</file>
<line>10</line>
<function>!test_api.js!showUserInfo</function>
<unmangled_function>showUserInfo</unmangled_function>
<status>Unclassified</status>
<num>30</num>
<home>1/30test_api.js</home>
</error>
<error>
<checker>JSHINT.W033</checker>
<file>web_server/src/domain/test_api.js</file>
<line>17</line>
<function>!test_api.js!showRequestList</function>
<unmangled_function>showRequestList</unmangled_function>
<status>Unclassified</status>
<num>31</num>
<home>1/31test_api.js</home>
</error>
<error>
<checker>JSHINT.W033</checker>
<file>web_server/src/domain/test_api.js</file>
<line>24</line>
<function>!test_api.js!showPlate</function>
<unmangled_function>showPlate</unmangled_function>
<status>Unclassified</status>
<num>32</num>
<home>1/32test_api.js</home>
</error>
<error>
<checker>JSHINT.W033</checker>
<file>web_server/src/domain/test_api.js</file>
<line>31</line>
<function>!test_api.js!showAccessList</function>
<unmangled_function>showAccessList</unmangled_function>
<status>Unclassified</status>
<num>33</num>
<home>1/33test_api.js</home>
</error>
<error>
<checker>JSHINT.W033</checker>
<file>web_server/src/domain/test_api.js</file>
<line>59</line>
<function>!test_api.js!track</function>
<unmangled_function>track</unmangled_function>
<status>Unclassified</status>
<num>34</num>
<home>1/34test_api.js</home>
</error>
<error>
<checker>JSHINT.W033</checker>
<file>web_server/src/index.js</file>
<line>75</line>
<function>!index.js!%IPFE</function>
<unmangled_function>&lt;anonymous&gt;</unmangled_function>
<status>Unclassified</status>
<num>35</num>
<home>1/35index.js</home>
</error>
<error>
<checker>JSHINT.W033</checker>
<file>web_server/src/util/certificate.js</file>
<line>33</line>
<function>!certificate.js!check_certificate</function>
<unmangled_function>check_certificate</unmangled_function>
<status>Unclassified</status>
<num>36</num>
<home>1/36certificate.js</home>
</error>
<error>
<checker>JSHINT.W033</checker>
<file>web_server/src/util/crypto.js</file>
<line>41</line>
<function>!crypto.js!crypto_init</function>
<unmangled_function>crypto_init</unmangled_function>
<status>Unclassified</status>
<num>37</num>
<home>1/37crypto.js</home>
</error>
<error>
<checker>JSHINT.W033</checker>
<file>web_server/src/util/crypto.js</file>
<line>48</line>
<function>!crypto.js!hash</function>
<unmangled_function>hash</unmangled_function>
<status>Unclassified</status>
<num>38</num>
<home>1/38crypto.js</home>
</error>
<error>
<checker>JSHINT.W033</checker>
<file>web_server/src/util/crypto.js</file>
<line>58</line>
<function>!crypto.js!aesEncrypt</function>
<unmangled_function>aesEncrypt</unmangled_function>
<status>Unclassified</status>
<num>39</num>
<home>1/39crypto.js</home>
</error>
<error>
<checker>JSHINT.W033</checker>
<file>web_server/src/util/crypto.js</file>
<line>65</line>
<function>!crypto.js!aesDecrypt</function>
<unmangled_function>aesDecrypt</unmangled_function>
<status>Unclassified</status>
<num>40</num>
<home>1/40crypto.js</home>
</error>
<error>
<checker>JSHINT.W033</checker>
<file>web_server/src/util/db.js</file>
<line>19</line>
<function>!db.js!init_database</function>
<unmangled_function>init_database</unmangled_function>
<status>Unclassified</status>
<num>41</num>
<home>1/41db.js</home>
</error>
<error>
<checker>JSHINT.W033</checker>
<file>web_server/src/util/utils.js</file>
<line>12</line>
<function>!utils.js!%SCRIPT</function>
<unmangled_function>&lt;script&gt;</unmangled_function>
<status>Unclassified</status>
<num>42</num>
<home>1/42utils.js</home>
</error>
<error>
<checker>JSHINT.W033</checker>
<file>web_server/src/util/utils.js</file>
<line>18</line>
<function>!utils.js!%SCRIPT</function>
<unmangled_function>&lt;script&gt;</unmangled_function>
<status>Unclassified</status>
<num>43</num>
<home>1/43utils.js</home>
</error>
<error>
<checker>JSHINT.W033</checker>
<file>web_server/src/util/utils.js</file>
<line>24</line>
<function>!utils.js!%SCRIPT</function>
<unmangled_function>&lt;script&gt;</unmangled_function>
<status>Unclassified</status>
<num>44</num>
<home>1/44utils.js</home>
</error>
<error>
<checker>JSHINT.W033</checker>
<file>web_server/src/util/utils.js</file>
<line>30</line>
<function>!utils.js!%SCRIPT</function>
<unmangled_function>&lt;script&gt;</unmangled_function>
<status>Unclassified</status>
<num>45</num>
<home>1/45utils.js</home>
</error>
<error>
<checker>JSHINT.W033</checker>
<file>web_server/src/util/utils.js</file>
<line>42</line>
<function>!utils.js!sendMail</function>
<unmangled_function>sendMail</unmangled_function>
<status>Unclassified</status>
<num>46</num>
<home>1/46utils.js</home>
</error>
<error>
<checker>JSHINT.W033</checker>
<file>web_server/src/util/utils.js</file>
<line>49</line>
<function>!utils.js!sendMail</function>
<unmangled_function>sendMail</unmangled_function>
<status>Unclassified</status>
<num>47</num>
<home>1/47utils.js</home>
</error>
<error>
<checker>JSHINT.W033</checker>
<file>web_server/src/util/utils.js</file>
<line>78</line>
<function>!utils.js!sendMail</function>
<unmangled_function>sendMail</unmangled_function>
<status>Unclassified</status>
<num>48</num>
<home>1/48utils.js</home>
</error>
<error>
<checker>JSHINT.W033</checker>
<file>web_server/src/util/utils.js</file>
<line>79</line>
<function>!utils.js!sendMail</function>
<unmangled_function>sendMail</unmangled_function>
<status>Unclassified</status>
<num>49</num>
<home>1/49utils.js</home>
</error>
<error>
<checker>JSHINT.W033</checker>
<file>web_server/src/util/utils.js</file>
<line>88</line>
<function>!utils.js!sendMail</function>
<unmangled_function>sendMail</unmangled_function>
<status>Unclassified</status>
<num>50</num>
<home>1/50utils.js</home>
</error>
<formaterrors>
<link>index51.html</link>
<value>Next 50 errors</value>
</formaterrors>
</coverity>
