<?xml version="1.0" encoding="UTF-8"?>
<!DOCTYPE coverity SYSTEM "config.dtd">
<coverity>
<title>Coverity Errors</title>
<error>
<checker>JSHINT.W119</checker>
<file>web_server/src/util/crypto.js</file>
<line>60</line>
<function>!crypto.js!aesDecrypt</function>
<unmangled_function>aesDecrypt</unmangled_function>
<status>Unclassified</status>
<num>251</num>
<home>1/251crypto.js</home>
</error>
<error>
<checker>JSHINT.W119</checker>
<file>web_server/src/util/db.js</file>
<line>6</line>
<function>!db.js!%SCRIPT</function>
<unmangled_function>&lt;script&gt;</unmangled_function>
<status>Unclassified</status>
<num>252</num>
<home>1/252db.js</home>
</error>
<error>
<checker>JSHINT.W119</checker>
<file>web_server/src/util/db.js</file>
<line>15</line>
<function>!db.js!init_database</function>
<unmangled_function>init_database</unmangled_function>
<status>Unclassified</status>
<num>253</num>
<home>1/253db.js</home>
</error>
<error>
<checker>JSHINT.W119</checker>
<file>web_server/src/util/utils.js</file>
<line>48</line>
<function>!utils.js!sendMail</function>
<unmangled_function>sendMail</unmangled_function>
<status>Unclassified</status>
<num>254</num>
<home>1/254utils.js</home>
</error>
<error>
<checker>JSHINT.W119</checker>
<file>web_server/src/util/utils.js</file>
<line>54</line>
<function>!utils.js!sendMail</function>
<unmangled_function>sendMail</unmangled_function>
<status>Unclassified</status>
<num>255</num>
<home>1/255utils.js</home>
</error>
<error>
<checker>JSHINT.W119</checker>
<file>web_server/src/util/utils.js</file>
<line>58</line>
<function>!utils.js!sendMail</function>
<unmangled_function>sendMail</unmangled_function>
<status>Unclassified</status>
<num>256</num>
<home>1/256utils.js</home>
</error>
<error>
<checker>JSHINT.W119</checker>
<file>web_server/src/util/utils.js</file>
<line>62</line>
<function>!utils.js!sendMail</function>
<unmangled_function>sendMail</unmangled_function>
<status>Unclassified</status>
<num>257</num>
<home>1/257utils.js</home>
</error>
<error>
<checker>JSHINT.W119</checker>
<file>web_server/src/util/utils.js</file>
<line>66</line>
<function>!utils.js!sendMail</function>
<unmangled_function>sendMail</unmangled_function>
<status>Unclassified</status>
<num>258</num>
<home>1/258utils.js</home>
</error>
<error>
<checker>JSHINT.W119</checker>
<file>web_server/src/util/utils.js</file>
<line>70</line>
<function>!utils.js!sendMail</function>
<unmangled_function>sendMail</unmangled_function>
<status>Unclassified</status>
<num>259</num>
<home>1/259utils.js</home>
</error>
<error>
<checker>JSHINT.W119</checker>
<file>web_server/src/util/utils.js</file>
<line>74</line>
<function>!utils.js!sendMail</function>
<unmangled_function>sendMail</unmangled_function>
<status>Unclassified</status>
<num>260</num>
<home>1/260utils.js</home>
</error>
<error>
<checker>JSHINT.W119</checker>
<file>web_server/src/util/utils.js</file>
<line>79</line>
<function>!utils.js!sendMail</function>
<unmangled_function>sendMail</unmangled_function>
<status>Unclassified</status>
<num>261</num>
<home>1/261utils.js</home>
</error>
<error>
<checker>JSHINT.W119</checker>
<file>web_server/src/util/utils.js</file>
<line>94</line>
<function>!utils.js!findPlate</function>
<unmangled_function>findPlate</unmangled_function>
<status>Unclassified</status>
<num>262</num>
<home>1/262utils.js</home>
</error>
<error>
<checker>SENSITIVE_DATA_LEAK</checker>
<file>web_server/src/util/crypto.js</file>
<line>28</line>
<function>!crypto.js!crypto_init</function>
<unmangled_function>crypto_init</unmangled_function>
<status>Unclassified</status>
<num>263</num>
<home>1/263crypto.js</home>
</error>
<error>
<checker>SIGMA.missing_samesite_attribute_session_cookie_express</checker>
<file>web_server/src/index.js</file>
<line>34</line>
<function>source_file</function>
<unmangled_function>source_file</unmangled_function>
<status>Unclassified</status>
<num>264</num>
<home>1/264index.js</home>
</error>
<error>
<checker>SIGMA.unsafe_session_storage_express_session</checker>
<file>web_server/src/index.js</file>
<line>31</line>
<function>source_file</function>
<unmangled_function>source_file</unmangled_function>
<status>Unclassified</status>
<num>265</num>
<home>1/265index.js</home>
</error>
<error>
<checker>SIGMA.verbose_server_banner_express</checker>
<file>web_server/src/index.js</file>
<line>18</line>
<function>source_file</function>
<unmangled_function>source_file</unmangled_function>
<status>Unclassified</status>
<num>266</num>
<home>1/266index.js</home>
</error>
<formaterrors>
<link>index201.html</link>
<value>Previous 50 errors</value>
</formaterrors>
</coverity>
