<?xml version="1.0" encoding="UTF-8"?>
<!DOCTYPE coverity SYSTEM "config.dtd">
<coverity>
<title>Coverity Errors</title>
<error>
<checker>BAD_CERT_VERIFICATION</checker>
<file>nil</file>
<function>nil</function>
<num>1</num>
</error>
<error>
<checker>EXPRESS_X_POWERED_BY_ENABLED</checker>
<file>nil</file>
<function>nil</function>
<num>1</num>
</error>
<error>
<checker>HARDCODED_CREDENTIALS</checker>
<file>nil</file>
<function>nil</function>
<num>4</num>
</error>
<error>
<checker>JSHINT.W004</checker>
<file>nil</file>
<function>nil</function>
<num>3</num>
</error>
<error>
<checker>JSHINT.W010</checker>
<file>nil</file>
<function>nil</function>
<num>1</num>
</error>
<error>
<checker>JSHINT.W014</checker>
<file>nil</file>
<function>nil</function>
<num>5</num>
</error>
<error>
<checker>JSHINT.W033</checker>
<file>nil</file>
<function>nil</function>
<num>37</num>
</error>
<error>
<checker>JSHINT.W038</checker>
<file>nil</file>
<function>nil</function>
<num>1</num>
</error>
<error>
<checker>JSHINT.W104</checker>
<file>nil</file>
<function>nil</function>
<num>137</num>
</error>
<error>
<checker>JSHINT.W119</checker>
<file>nil</file>
<function>nil</function>
<num>72</num>
</error>
<error>
<checker>SENSITIVE_DATA_LEAK</checker>
<file>nil</file>
<function>nil</function>
<num>1</num>
</error>
<error>
<checker>SIGMA.missing_samesite_attribute_session_cookie_express</checker>
<file>nil</file>
<function>nil</function>
<num>1</num>
</error>
<error>
<checker>SIGMA.unsafe_session_storage_express_session</checker>
<file>nil</file>
<function>nil</function>
<num>1</num>
</error>
<error>
<checker>SIGMA.verbose_server_banner_express</checker>
<file>nil</file>
<function>nil</function>
<num>1</num>
</error>
<error>
<checker>Total</checker>
<file>nil</file>
<function>nil</function>
<num>266</num>
</error>
</coverity>
